sex;parameter;age;mspline;sspline
1;FEV1;18.0;-0.057944198;-4.25e-05
1;FEV1;18.25;-0.054310456;-4.02e-05
1;FEV1;18.5;-0.050743956;-3.79e-05
1;FEV1;18.75;-0.047259825;-3.56e-05
1;FEV1;19.0;-0.043871917;-3.33e-05
1;FEV1;19.25;-0.040591895;-3.12e-05
1;FEV1;19.5;-0.037426408;-2.9e-05
1;FEV1;19.75;-0.034380501;-2.69e-05
1;FEV1;20.0;-0.03145872;-2.48e-05
1;FEV1;20.25;-0.02866489;-2.28e-05
1;FEV1;20.5;-0.026001415;-2.08e-05
1;FEV1;20.75;-0.023470149;-1.89e-05
1;FEV1;21.0;-0.021072684;-1.7e-05
1;FEV1;21.25;-0.018809247;-1.52e-05
1;FEV1;21.5;-0.016675483;-1.34e-05
1;FEV1;21.75;-0.014666122;-1.17e-05
1;FEV1;22.0;-0.012776141;-1e-05
1;FEV1;22.25;-0.011000414;-8.4e-06
1;FEV1;22.5;-0.009332745;-6.83e-06
1;FEV1;22.75;-0.007766927;-5.32e-06
1;FEV1;23.0;-0.006297072;-3.86e-06
1;FEV1;23.25;-0.004917283;-2.45e-06
1;FEV1;23.5;-0.003620742;-1.1e-06
1;FEV1;23.75;-0.002400691;2.04e-07
1;FEV1;24.0;-0.001250738;1.45e-06
1;FEV1;24.25;-0.000165397;2.65e-06
1;FEV1;24.5;0.000858277;3.79e-06
1;FEV1;24.75;0.001822546;4.88e-06
1;FEV1;25.0;0.002729575;5.91e-06
1;FEV1;25.25;0.003581402;6.9e-06
1;FEV1;25.5;0.004379836;7.83e-06
1;FEV1;25.75;0.005126575;8.71e-06
1;FEV1;26.0;0.005823255;9.53e-06
1;FEV1;26.25;0.006472144;1.03e-05
1;FEV1;26.5;0.007078139;1.1e-05
1;FEV1;26.75;0.00764657;1.17e-05
1;FEV1;27.0;0.008182489;1.23e-05
1;FEV1;27.25;0.008690733;1.29e-05
1;FEV1;27.5;0.00917603;1.34e-05
1;FEV1;27.75;0.009642903;1.39e-05
1;FEV1;28.0;0.010095644;1.44e-05
1;FEV1;28.25;0.01053797;1.48e-05
1;FEV1;28.5;0.010971997;1.52e-05
1;FEV1;28.75;0.011399389;1.55e-05
1;FEV1;29.0;0.011821724;1.58e-05
1;FEV1;29.25;0.012240508;1.61e-05
1;FEV1;29.5;0.012657177;1.63e-05
1;FEV1;29.75;0.013073098;1.65e-05
1;FEV1;30.0;0.013489573;1.67e-05
1;FEV1;30.25;0.01390767;1.69e-05
1;FEV1;30.5;0.014327758;1.7e-05
1;FEV1;30.75;0.014750022;1.72e-05
1;FEV1;31.0;0.01517464;1.72e-05
1;FEV1;31.25;0.015601696;1.73e-05
1;FEV1;31.5;0.016030946;1.74e-05
1;FEV1;31.75;0.016462077;1.74e-05
1;FEV1;32.0;0.01689479;1.74e-05
1;FEV1;32.25;0.017328822;1.74e-05
1;FEV1;32.5;0.017764024;1.74e-05
1;FEV1;32.75;0.018200275;1.73e-05
1;FEV1;33.0;0.01863746;1.73e-05
1;FEV1;33.25;0.019075469;1.72e-05
1;FEV1;33.5;0.019514194;1.71e-05
1;FEV1;33.75;0.019953531;1.7e-05
1;FEV1;34.0;0.02039338;1.69e-05
1;FEV1;34.25;0.02083368;1.68e-05
1;FEV1;34.5;0.021274491;1.66e-05
1;FEV1;34.75;0.021715905;1.64e-05
1;FEV1;35.0;0.02215801;1.63e-05
1;FEV1;35.25;0.022600715;1.61e-05
1;FEV1;35.5;0.023043246;1.59e-05
1;FEV1;35.75;0.023484694;1.57e-05
1;FEV1;36.0;0.023924187;1.54e-05
1;FEV1;36.25;0.02436079;1.52e-05
1;FEV1;36.5;0.024793224;1.49e-05
1;FEV1;36.75;0.025220164;1.47e-05
1;FEV1;37.0;0.025640344;1.44e-05
1;FEV1;37.25;0.026052587;1.42e-05
1;FEV1;37.5;0.026455932;1.39e-05
1;FEV1;37.75;0.026849496;1.36e-05
1;FEV1;38.0;0.027232436;1.33e-05
1;FEV1;38.25;0.027603764;1.3e-05
1;FEV1;38.5;0.027961833;1.27e-05
1;FEV1;38.75;0.028304886;1.24e-05
1;FEV1;39.0;0.028631237;1.21e-05
1;FEV1;39.25;0.02893924;1.17e-05
1;FEV1;39.5;0.029227202;1.14e-05
1;FEV1;39.75;0.029493468;1.11e-05
1;FEV1;40.0;0.029736452;1.08e-05
1;FEV1;40.25;0.029954631;1.04e-05
1;FEV1;40.5;0.03014654;1.01e-05
1;FEV1;40.75;0.030310775;9.75e-06
1;FEV1;41.0;0.03044599;9.42e-06
1;FEV1;41.25;0.030550961;9.08e-06
1;FEV1;41.5;0.03062478;8.75e-06
1;FEV1;41.75;0.030666648;8.41e-06
1;FEV1;42.0;0.030675798;8.08e-06
1;FEV1;42.25;0.030651531;7.75e-06
1;FEV1;42.5;0.030593292;7.42e-06
1;FEV1;42.75;0.030500586;7.09e-06
1;FEV1;43.0;0.030372939;6.76e-06
1;FEV1;43.25;0.030209864;6.43e-06
1;FEV1;43.5;0.030010738;6.1e-06
1;FEV1;43.75;0.02977493;5.77e-06
1;FEV1;44.0;0.029501835;5.45e-06
1;FEV1;44.25;0.02919104;5.13e-06
1;FEV1;44.5;0.028842795;4.81e-06
1;FEV1;44.75;0.028457506;4.49e-06
1;FEV1;45.0;0.028035576;4.17e-06
1;FEV1;45.25;0.027577566;3.85e-06
1;FEV1;45.5;0.027084681;3.54e-06
1;FEV1;45.75;0.026558258;3.22e-06
1;FEV1;46.0;0.025999596;2.91e-06
1;FEV1;46.25;0.025409926;2.6e-06
1;FEV1;46.5;0.024790311;2.3e-06
1;FEV1;46.75;0.024141752;1.99e-06
1;FEV1;47.0;0.023465223;1.69e-06
1;FEV1;47.25;0.022761688;1.38e-06
1;FEV1;47.5;0.022032126;1.08e-06
1;FEV1;47.75;0.021277503;7.85e-07
1;FEV1;48.0;0.020498761;4.89e-07
1;FEV1;48.25;0.019696761;1.94e-07
1;FEV1;48.5;0.018872129;-9.96e-08
1;FEV1;48.75;0.018025423;-3.91e-07
1;FEV1;49.0;0.017157188;-6.82e-07
1;FEV1;49.25;0.016267954;-9.7e-07
1;FEV1;49.5;0.015358227;-1.26e-06
1;FEV1;49.75;0.014428503;-1.54e-06
1;FEV1;50.0;0.013479263;-1.83e-06
1;FEV1;50.25;0.01251098;-2.11e-06
1;FEV1;50.5;0.011524124;-2.4e-06
1;FEV1;50.75;0.010519152;-2.68e-06
1;FEV1;51.0;0.009496513;-2.96e-06
1;FEV1;51.25;0.008456643;-3.25e-06
1;FEV1;51.5;0.007399956;-3.53e-06
1;FEV1;51.75;0.006326854;-3.81e-06
1;FEV1;52.0;0.005237732;-4.09e-06
1;FEV1;52.25;0.004132944;-4.37e-06
1;FEV1;52.5;0.003012733;-4.65e-06
1;FEV1;52.75;0.001877307;-4.94e-06
1;FEV1;53.0;0.000726871;-5.22e-06
1;FEV1;53.25;-0.000438371;-5.5e-06
1;FEV1;53.5;-0.001618211;-5.78e-06
1;FEV1;53.75;-0.002812442;-6.06e-06
1;FEV1;54.0;-0.004020862;-6.34e-06
1;FEV1;54.25;-0.005243272;-6.62e-06
1;FEV1;54.5;-0.006479476;-6.9e-06
1;FEV1;54.75;-0.007729284;-7.19e-06
1;FEV1;55.0;-0.008992509;-7.47e-06
1;FEV1;55.25;-0.010268966;-7.75e-06
1;FEV1;55.5;-0.011558473;-8.04e-06
1;FEV1;55.75;-0.012860854;-8.32e-06
1;FEV1;56.0;-0.014175934;-8.6e-06
1;FEV1;56.25;-0.015503529;-8.89e-06
1;FEV1;56.5;-0.016843417;-9.17e-06
1;FEV1;56.75;-0.01819537;-9.46e-06
1;FEV1;57.0;-0.019559162;-9.74e-06
1;FEV1;57.25;-0.020934574;-1e-05
1;FEV1;57.5;-0.022321391;-1.03e-05
1;FEV1;57.75;-0.023719402;-1.06e-05
1;FEV1;58.0;-0.025128401;-1.09e-05
1;FEV1;58.25;-0.026548183;-1.12e-05
1;FEV1;58.5;-0.027978537;-1.14e-05
1;FEV1;58.75;-0.029419254;-1.17e-05
1;FEV1;59.0;-0.030870131;-1.2e-05
1;FEV1;59.25;-0.032330975;-1.23e-05
1;FEV1;59.5;-0.033801629;-1.25e-05
1;FEV1;59.75;-0.035281949;-1.28e-05
1;FEV1;60.0;-0.036771792;-1.31e-05
1;FEV1;60.25;-0.03827098;-1.34e-05
1;FEV1;60.5;-0.039779183;-1.36e-05
1;FEV1;60.75;-0.041296043;-1.39e-05
1;FEV1;61.0;-0.042821207;-1.42e-05
1;FEV1;61.25;-0.044354294;-1.44e-05
1;FEV1;61.5;-0.045894782;-1.47e-05
1;FEV1;61.75;-0.047442121;-1.49e-05
1;FEV1;62.0;-0.048995777;-1.52e-05
1;FEV1;62.25;-0.050555233;-1.54e-05
1;FEV1;62.5;-0.052120015;-1.57e-05
1;FEV1;62.75;-0.053689665;-1.59e-05
1;FEV1;63.0;-0.055263737;-1.62e-05
1;FEV1;63.25;-0.056841793;-1.64e-05
1;FEV1;63.5;-0.058423402;-1.67e-05
1;FEV1;63.75;-0.060008139;-1.69e-05
1;FEV1;64.0;-0.061595591;-1.71e-05
1;FEV1;64.25;-0.06318535;-1.74e-05
1;FEV1;64.5;-0.064777005;-1.76e-05
1;FEV1;64.75;-0.066370152;-1.78e-05
1;FEV1;65.0;-0.067964395;-1.8e-05
1;FEV1;65.25;-0.069559369;-1.82e-05
1;FEV1;65.5;-0.071154798;-1.85e-05
1;FEV1;65.75;-0.072750433;-1.87e-05
1;FEV1;66.0;-0.07434603;-1.89e-05
1;FEV1;66.25;-0.07594136;-1.91e-05
1;FEV1;66.5;-0.077536236;-1.93e-05
1;FEV1;66.75;-0.079130485;-1.95e-05
1;FEV1;67.0;-0.080723936;-1.97e-05
1;FEV1;67.25;-0.082316421;-1.99e-05
1;FEV1;67.5;-0.083907766;-2.01e-05
1;FEV1;67.75;-0.085497799;-2.03e-05
1;FEV1;68.0;-0.087086352;-2.05e-05
1;FEV1;68.25;-0.088673261;-2.07e-05
1;FEV1;68.5;-0.090258369;-2.09e-05
1;FEV1;68.75;-0.091841525;-2.11e-05
1;FEV1;69.0;-0.093422579;-2.13e-05
1;FEV1;69.25;-0.095001385;-2.15e-05
1;FEV1;69.5;-0.096577795;-2.17e-05
1;FEV1;69.75;-0.098151661;-2.18e-05
1;FEV1;70.0;-0.099722841;-2.2e-05
1;FEV1;70.25;-0.1012912;-2.22e-05
1;FEV1;70.5;-0.102856625;-2.24e-05
1;FEV1;70.75;-0.104419014;-2.26e-05
1;FEV1;71.0;-0.105978263;-2.28e-05
1;FEV1;71.25;-0.107534277;-2.29e-05
1;FEV1;71.5;-0.109086987;-2.31e-05
1;FEV1;71.75;-0.110636327;-2.33e-05
1;FEV1;72.0;-0.112182234;-2.35e-05
1;FEV1;72.25;-0.113724647;-2.36e-05
1;FEV1;72.5;-0.115263502;-2.38e-05
1;FEV1;72.75;-0.116798739;-2.4e-05
1;FEV1;73.0;-0.118330296;-2.42e-05
1;FEV1;73.25;-0.119858115;-2.44e-05
1;FEV1;73.5;-0.12138214;-2.45e-05
1;FEV1;73.75;-0.122902313;-2.47e-05
1;FEV1;74.0;-0.124418581;-2.49e-05
1;FEV1;74.25;-0.125930889;-2.5e-05
1;FEV1;74.5;-0.127439175;-2.52e-05
1;FEV1;74.75;-0.128943378;-2.54e-05
1;FEV1;75.0;-0.130443439;-2.56e-05
1;FEV1;75.25;-0.131939305;-2.57e-05
1;FEV1;75.5;-0.133430943;-2.59e-05
1;FEV1;75.75;-0.134918331;-2.61e-05
1;FEV1;76.0;-0.136401441;-2.62e-05
1;FEV1;76.25;-0.137880253;-2.64e-05
1;FEV1;76.5;-0.139354741;-2.66e-05
1;FEV1;76.75;-0.140824885;-2.67e-05
1;FEV1;77.0;-0.142290662;-2.69e-05
1;FEV1;77.25;-0.143752059;-2.71e-05
1;FEV1;77.5;-0.145209088;-2.72e-05
1;FEV1;77.75;-0.146661767;-2.74e-05
1;FEV1;78.0;-0.148110116;-2.76e-05
1;FEV1;78.25;-0.149554152;-2.77e-05
1;FEV1;78.5;-0.150993895;-2.79e-05
1;FEV1;78.75;-0.152429363;-2.81e-05
1;FEV1;79.0;-0.153860574;-2.82e-05
1;FEV1;79.25;-0.155287541;-2.84e-05
1;FEV1;79.5;-0.15671026;-2.86e-05
1;FEV1;79.75;-0.158128721;-2.87e-05
1;FEV1;80.0;-0.159542916;-2.89e-05
1;FEV1;80.25;-0.160952835;-2.91e-05
1;FEV1;80.5;-0.162358472;-2.92e-05
1;FEV1;80.75;-0.163759817;-2.94e-05
1;FEV1;81.0;-0.165156864;-2.95e-05
1;FEV1;81.25;-0.166549611;-2.97e-05
1;FEV1;81.5;-0.16793808;-2.99e-05
1;FEV1;81.75;-0.169322296;-3e-05
1;FEV1;82.0;-0.170702285;-3.02e-05
1;FEV1;82.25;-0.172078073;-3.04e-05
1;FEV1;82.5;-0.173449686;-3.05e-05
1;FEV1;82.75;-0.174817149;-3.07e-05
1;FEV1;83.0;-0.176180487;-3.08e-05
1;FEF75;18.0;-0.174726372;-1.68e-05
1;FEF75;18.25;-0.168743452;-1.57e-05
1;FEF75;18.5;-0.162844543;-1.45e-05
1;FEF75;18.75;-0.157029869;-1.34e-05
1;FEF75;19.0;-0.151299548;-1.23e-05
1;FEF75;19.25;-0.145652077;-1.12e-05
1;FEF75;19.5;-0.140080002;-1.01e-05
1;FEF75;19.75;-0.134574885;-9.09e-06
1;FEF75;20.0;-0.129128853;-8.06e-06
1;FEF75;20.25;-0.1237345;-7.06e-06
1;FEF75;20.5;-0.118384699;-6.07e-06
1;FEF75;20.75;-0.113072745;-5.1e-06
1;FEF75;21.0;-0.107792378;-4.15e-06
1;FEF75;21.25;-0.102537538;-3.22e-06
1;FEF75;21.5;-0.097301733;-2.31e-06
1;FEF75;21.75;-0.0920787;-1.41e-06
1;FEF75;22.0;-0.086862594;-5.37e-07
1;FEF75;22.25;-0.081649436;3.24e-07
1;FEF75;22.5;-0.076441331;1.17e-06
1;FEF75;22.75;-0.071241673;1.99e-06
1;FEF75;23.0;-0.066053641;2.8e-06
1;FEF75;23.25;-0.060880757;3.58e-06
1;FEF75;23.5;-0.055728476;4.34e-06
1;FEF75;23.75;-0.050602437;5.09e-06
1;FEF75;24.0;-0.045507913;5.81e-06
1;FEF75;24.25;-0.040450556;6.5e-06
1;FEF75;24.5;-0.03543847;7.18e-06
1;FEF75;24.75;-0.030479944;7.82e-06
1;FEF75;25.0;-0.025582739;8.43e-06
1;FEF75;25.25;-0.020754242;9.02e-06
1;FEF75;25.5;-0.016001826;9.57e-06
1;FEF75;25.75;-0.01133251;1.01e-05
1;FEF75;26.0;-0.006752859;1.06e-05
1;FEF75;26.25;-0.002268785;1.1e-05
1;FEF75;26.5;0.0021151;1.14e-05
1;FEF75;26.75;0.00639472;1.18e-05
1;FEF75;27.0;0.010566287;1.21e-05
1;FEF75;27.25;0.014626236;1.24e-05
1;FEF75;27.5;0.018571093;1.27e-05
1;FEF75;27.75;0.022397593;1.29e-05
1;FEF75;28.0;0.02610271;1.3e-05
1;FEF75;28.25;0.029684134;1.32e-05
1;FEF75;28.5;0.033141706;1.33e-05
1;FEF75;28.75;0.036475818;1.33e-05
1;FEF75;29.0;0.039686906;1.33e-05
1;FEF75;29.25;0.042775433;1.33e-05
1;FEF75;29.5;0.045741837;1.32e-05
1;FEF75;29.75;0.048586582;1.31e-05
1;FEF75;30.0;0.051310166;1.3e-05
1;FEF75;30.25;0.053913417;1.28e-05
1;FEF75;30.5;0.056398354;1.26e-05
1;FEF75;30.75;0.058767246;1.24e-05
1;FEF75;31.0;0.0610223;1.21e-05
1;FEF75;31.25;0.063165808;1.18e-05
1;FEF75;31.5;0.065200535;1.15e-05
1;FEF75;31.75;0.067129297;1.11e-05
1;FEF75;32.0;0.068954823;1.07e-05
1;FEF75;32.25;0.070679748;1.03e-05
1;FEF75;32.5;0.072306586;9.86e-06
1;FEF75;32.75;0.073837764;9.4e-06
1;FEF75;33.0;0.075275639;8.93e-06
1;FEF75;33.25;0.076622568;8.43e-06
1;FEF75;33.5;0.077881106;7.92e-06
1;FEF75;33.75;0.079053797;7.38e-06
1;FEF75;34.0;0.080143107;6.84e-06
1;FEF75;34.25;0.08115143;6.28e-06
1;FEF75;34.5;0.082081121;5.71e-06
1;FEF75;34.75;0.082934467;5.12e-06
1;FEF75;35.0;0.083713686;4.53e-06
1;FEF75;35.25;0.084420831;3.93e-06
1;FEF75;35.5;0.085057508;3.32e-06
1;FEF75;35.75;0.085625186;2.7e-06
1;FEF75;36.0;0.086125297;2.08e-06
1;FEF75;36.25;0.086559178;1.45e-06
1;FEF75;36.5;0.086927904;8.24e-07
1;FEF75;36.75;0.087232474;1.95e-07
1;FEF75;37.0;0.087473864;-4.32e-07
1;FEF75;37.25;0.087653059;-1.06e-06
1;FEF75;37.5;0.087771126;-1.68e-06
1;FEF75;37.75;0.087829137;-2.3e-06
1;FEF75;38.0;0.087828138;-2.91e-06
1;FEF75;38.25;0.087769032;-3.51e-06
1;FEF75;38.5;0.087652238;-4.1e-06
1;FEF75;38.75;0.087478057;-4.69e-06
1;FEF75;39.0;0.087246796;-5.27e-06
1;FEF75;39.25;0.086958753;-5.83e-06
1;FEF75;39.5;0.086614175;-6.38e-06
1;FEF75;39.75;0.086213307;-6.92e-06
1;FEF75;40.0;0.085756396;-7.45e-06
1;FEF75;40.25;0.085243675;-7.96e-06
1;FEF75;40.5;0.084675299;-8.45e-06
1;FEF75;40.75;0.084051407;-8.93e-06
1;FEF75;41.0;0.083372151;-9.4e-06
1;FEF75;41.25;0.08263789;-9.84e-06
1;FEF75;41.5;0.081849773;-1.03e-05
1;FEF75;41.75;0.08100912;-1.07e-05
1;FEF75;42.0;0.080117214;-1.11e-05
1;FEF75;42.25;0.079175367;-1.14e-05
1;FEF75;42.5;0.078185087;-1.18e-05
1;FEF75;42.75;0.0771479;-1.21e-05
1;FEF75;43.0;0.07606529;-1.25e-05
1;FEF75;43.25;0.074938666;-1.28e-05
1;FEF75;43.5;0.073769268;-1.3e-05
1;FEF75;43.75;0.072558268;-1.33e-05
1;FEF75;44.0;0.071306809;-1.35e-05
1;FEF75;44.25;0.070016101;-1.38e-05
1;FEF75;44.5;0.068687706;-1.4e-05
1;FEF75;44.75;0.067323237;-1.41e-05
1;FEF75;45.0;0.065924262;-1.43e-05
1;FEF75;45.25;0.0644924;-1.44e-05
1;FEF75;45.5;0.063029605;-1.46e-05
1;FEF75;45.75;0.061537867;-1.47e-05
1;FEF75;46.0;0.06001912;-1.48e-05
1;FEF75;46.25;0.058475218;-1.48e-05
1;FEF75;46.5;0.056907882;-1.49e-05
1;FEF75;46.75;0.05531876;-1.49e-05
1;FEF75;47.0;0.053709455;-1.49e-05
1;FEF75;47.25;0.052081533;-1.49e-05
1;FEF75;47.5;0.05043655;-1.49e-05
1;FEF75;47.75;0.048776031;-1.49e-05
1;FEF75;48.0;0.047101453;-1.48e-05
1;FEF75;48.25;0.045414153;-1.47e-05
1;FEF75;48.5;0.043715027;-1.47e-05
1;FEF75;48.75;0.04200485;-1.46e-05
1;FEF75;49.0;0.040284375;-1.44e-05
1;FEF75;49.25;0.038554329;-1.43e-05
1;FEF75;49.5;0.036815394;-1.41e-05
1;FEF75;49.75;0.035068229;-1.4e-05
1;FEF75;50.0;0.033313474;-1.38e-05
1;FEF75;50.25;0.031551757;-1.36e-05
1;FEF75;50.5;0.029783702;-1.34e-05
1;FEF75;50.75;0.028009921;-1.32e-05
1;FEF75;51.0;0.026231008;-1.29e-05
1;FEF75;51.25;0.024447532;-1.27e-05
1;FEF75;51.5;0.02266001;-1.24e-05
1;FEF75;51.75;0.020868937;-1.22e-05
1;FEF75;52.0;0.019074793;-1.19e-05
1;FEF75;52.25;0.017277959;-1.16e-05
1;FEF75;52.5;0.015478465;-1.13e-05
1;FEF75;52.75;0.013676254;-1.1e-05
1;FEF75;53.0;0.011871274;-1.06e-05
1;FEF75;53.25;0.010063477;-1.03e-05
1;FEF75;53.5;0.008252844;-9.93e-06
1;FEF75;53.75;0.00643936;-9.57e-06
1;FEF75;54.0;0.004623013;-9.2e-06
1;FEF75;54.25;0.002803789;-8.82e-06
1;FEF75;54.5;0.000981672;-8.43e-06
1;FEF75;54.75;-0.000843356;-8.03e-06
1;FEF75;55.0;-0.002671311;-7.63e-06
1;FEF75;55.25;-0.004502209;-7.21e-06
1;FEF75;55.5;-0.006336067;-6.79e-06
1;FEF75;55.75;-0.008172903;-6.36e-06
1;FEF75;56.0;-0.010012732;-5.92e-06
1;FEF75;56.25;-0.01185553;-5.48e-06
1;FEF75;56.5;-0.013701113;-5.03e-06
1;FEF75;56.75;-0.015549266;-4.57e-06
1;FEF75;57.0;-0.017399775;-4.1e-06
1;FEF75;57.25;-0.019252432;-3.63e-06
1;FEF75;57.5;-0.02110703;-3.16e-06
1;FEF75;57.75;-0.022963368;-2.67e-06
1;FEF75;58.0;-0.024821247;-2.19e-06
1;FEF75;58.25;-0.026680473;-1.69e-06
1;FEF75;58.5;-0.028540856;-1.2e-06
1;FEF75;58.75;-0.030402208;-6.92e-07
1;FEF75;59.0;-0.032264345;-1.85e-07
1;FEF75;59.25;-0.034127093;3.26e-07
1;FEF75;59.5;-0.035990293;8.42e-07
1;FEF75;59.75;-0.037853793;1.36e-06
1;FEF75;60.0;-0.039717445;1.88e-06
1;FEF75;60.25;-0.04158109;2.41e-06
1;FEF75;60.5;-0.043444512;2.94e-06
1;FEF75;60.75;-0.045307488;3.47e-06
1;FEF75;61.0;-0.0471698;4.01e-06
1;FEF75;61.25;-0.049031219;4.55e-06
1;FEF75;61.5;-0.050891466;5.09e-06
1;FEF75;61.75;-0.052750253;5.63e-06
1;FEF75;62.0;-0.054607301;6.18e-06
1;FEF75;62.25;-0.056462337;6.73e-06
1;FEF75;62.5;-0.05831511;7.27e-06
1;FEF75;62.75;-0.060165375;7.83e-06
1;FEF75;63.0;-0.062012893;8.38e-06
1;FEF75;63.25;-0.063857432;8.93e-06
1;FEF75;63.5;-0.065698767;9.49e-06
1;FEF75;63.75;-0.067536675;1e-05
1;FEF75;64.0;-0.069370941;1.06e-05
1;FEF75;64.25;-0.071201352;1.12e-05
1;FEF75;64.5;-0.07302769;1.17e-05
1;FEF75;64.75;-0.074849736;1.23e-05
1;FEF75;65.0;-0.076667281;1.28e-05
1;FEF75;65.25;-0.078480135;1.34e-05
1;FEF75;65.5;-0.080288188;1.4e-05
1;FEF75;65.75;-0.082091347;1.45e-05
1;FEF75;66.0;-0.083889525;1.51e-05
1;FEF75;66.25;-0.085682643;1.56e-05
1;FEF75;66.5;-0.087470658;1.62e-05
1;FEF75;66.75;-0.089253535;1.67e-05
1;FEF75;67.0;-0.091031241;1.73e-05
1;FEF75;67.25;-0.09280374;1.79e-05
1;FEF75;67.5;-0.094570993;1.84e-05
1;FEF75;67.75;-0.096332958;1.9e-05
1;FEF75;68.0;-0.098089595;1.95e-05
1;FEF75;68.25;-0.099840865;2.01e-05
1;FEF75;68.5;-0.101586735;2.06e-05
1;FEF75;68.75;-0.103327171;2.12e-05
1;FEF75;69.0;-0.105062143;2.17e-05
1;FEF75;69.25;-0.106791619;2.23e-05
1;FEF75;69.5;-0.108515567;2.28e-05
1;FEF75;69.75;-0.110233955;2.34e-05
1;FEF75;70.0;-0.111946751;2.39e-05
1;FEF75;70.25;-0.113653929;2.45e-05
1;FEF75;70.5;-0.11535547;2.5e-05
1;FEF75;70.75;-0.117051363;2.55e-05
1;FEF75;71.0;-0.118741594;2.61e-05
1;FEF75;71.25;-0.120426153;2.66e-05
1;FEF75;71.5;-0.122105041;2.71e-05
1;FEF75;71.75;-0.123778262;2.77e-05
1;FEF75;72.0;-0.125445819;2.82e-05
1;FEF75;72.25;-0.127107716;2.87e-05
1;FEF75;72.5;-0.128763958;2.93e-05
1;FEF75;72.75;-0.130414549;2.98e-05
1;FEF75;73.0;-0.132059493;3.03e-05
1;FEF75;73.25;-0.133698795;3.08e-05
1;FEF75;73.5;-0.135332461;3.14e-05
1;FEF75;73.75;-0.136960496;3.19e-05
1;FEF75;74.0;-0.138582906;3.24e-05
1;FEF75;74.25;-0.140199694;3.29e-05
1;FEF75;74.5;-0.141810858;3.34e-05
1;FEF75;74.75;-0.14341639;3.39e-05
1;FEF75;75.0;-0.145016288;3.44e-05
1;FEF75;75.25;-0.146610551;3.49e-05
1;FEF75;75.5;-0.148199202;3.55e-05
1;FEF75;75.75;-0.149782272;3.6e-05
1;FEF75;76.0;-0.151359787;3.65e-05
1;FEF75;76.25;-0.152931777;3.7e-05
1;FEF75;76.5;-0.15449827;3.75e-05
1;FEF75;76.75;-0.156059293;3.8e-05
1;FEF75;77.0;-0.157614874;3.84e-05
1;FEF75;77.25;-0.159165045;3.89e-05
1;FEF75;77.5;-0.160709854;3.94e-05
1;FEF75;77.75;-0.162249349;3.99e-05
1;FEF75;78.0;-0.163783582;4.04e-05
1;FEF75;78.25;-0.165312601;4.09e-05
1;FEF75;78.5;-0.166836455;4.14e-05
1;FEF75;78.75;-0.168355192;4.19e-05
1;FEF75;79.0;-0.16986886;4.24e-05
1;FEF75;79.25;-0.171377507;4.28e-05
1;FEF75;79.5;-0.172881195;4.33e-05
1;FEF75;79.75;-0.174379983;4.38e-05
1;FEF75;80.0;-0.175873934;4.43e-05
1;FEF75;80.25;-0.177363107;4.47e-05
1;FEF75;80.5;-0.178847561;4.52e-05
1;FEF75;80.75;-0.180327355;4.57e-05
1;FEF75;81.0;-0.181802547;4.62e-05
1;FEF75;81.25;-0.183273187;4.66e-05
1;FEF75;81.5;-0.184739309;4.71e-05
1;FEF75;81.75;-0.186200941;4.76e-05
1;FEF75;82.0;-0.18765811;4.8e-05
1;FEF75;82.25;-0.189110843;4.85e-05
1;FEF75;82.5;-0.190559168;4.89e-05
1;FEF75;82.75;-0.19200311;4.94e-05
1;FEF75;83.0;-0.193442696;4.99e-05
1;FEF2575;18.0;-0.397093408;7.22e-05
1;FEF2575;18.25;-0.380668638;6.94e-05
1;FEF2575;18.5;-0.364500899;6.65e-05
1;FEF2575;18.75;-0.348615211;6.37e-05
1;FEF2575;19.0;-0.333034335;6.1e-05
1;FEF2575;19.25;-0.317774017;5.83e-05
1;FEF2575;19.5;-0.302829108;5.56e-05
1;FEF2575;19.75;-0.288189767;5.29e-05
1;FEF2575;20.0;-0.273846575;5.03e-05
1;FEF2575;20.25;-0.259790224;4.77e-05
1;FEF2575;20.5;-0.246010685;4.52e-05
1;FEF2575;20.75;-0.232498111;4.26e-05
1;FEF2575;21.0;-0.219243106;4.02e-05
1;FEF2575;21.25;-0.206235229;3.77e-05
1;FEF2575;21.5;-0.193458762;3.53e-05
1;FEF2575;21.75;-0.180897442;3.29e-05
1;FEF2575;22.0;-0.168535926;3.06e-05
1;FEF2575;22.25;-0.15636117;2.83e-05
1;FEF2575;22.5;-0.144366495;2.6e-05
1;FEF2575;22.75;-0.13254691;2.38e-05
1;FEF2575;23.0;-0.120897618;2.17e-05
1;FEF2575;23.25;-0.10941433;1.95e-05
1;FEF2575;23.5;-0.09809421;1.75e-05
1;FEF2575;23.75;-0.086934805;1.54e-05
1;FEF2575;24.0;-0.075933702;1.34e-05
1;FEF2575;24.25;-0.065090042;1.15e-05
1;FEF2575;24.5;-0.054408874;9.56e-06
1;FEF2575;24.75;-0.043896305;7.7e-06
1;FEF2575;25.0;-0.03355797;5.87e-06
1;FEF2575;25.25;-0.02339923;4.08e-06
1;FEF2575;25.5;-0.013425664;2.33e-06
1;FEF2575;25.75;-0.00364258;6.09e-07
1;FEF2575;26.0;0.005945137;-1.08e-06
1;FEF2575;26.25;0.015332666;-2.73e-06
1;FEF2575;26.5;0.024514282;-4.35e-06
1;FEF2575;26.75;0.033484382;-5.94e-06
1;FEF2575;27.0;0.042237792;-7.49e-06
1;FEF2575;27.25;0.050769688;-9.02e-06
1;FEF2575;27.5;0.059075437;-1.05e-05
1;FEF2575;27.75;0.067150724;-1.2e-05
1;FEF2575;28.0;0.074991588;-1.34e-05
1;FEF2575;28.25;0.082594803;-1.48e-05
1;FEF2575;28.5;0.089959009;-1.62e-05
1;FEF2575;28.75;0.09708343;-1.75e-05
1;FEF2575;29.0;0.103967451;-1.88e-05
1;FEF2575;29.25;0.110610533;-2.01e-05
1;FEF2575;29.5;0.117011993;-2.14e-05
1;FEF2575;29.75;0.123171226;-2.26e-05
1;FEF2575;30.0;0.12908777;-2.38e-05
1;FEF2575;30.25;0.134761877;-2.5e-05
1;FEF2575;30.5;0.140196157;-2.61e-05
1;FEF2575;30.75;0.145393764;-2.72e-05
1;FEF2575;31.0;0.150357809;-2.83e-05
1;FEF2575;31.25;0.155091605;-2.94e-05
1;FEF2575;31.5;0.159599413;-3.04e-05
1;FEF2575;31.75;0.163885636;-3.14e-05
1;FEF2575;32.0;0.167954566;-3.24e-05
1;FEF2575;32.25;0.171810366;-3.33e-05
1;FEF2575;32.5;0.17545701;-3.42e-05
1;FEF2575;32.75;0.178898356;-3.51e-05
1;FEF2575;33.0;0.182138171;-3.59e-05
1;FEF2575;33.25;0.185180253;-3.67e-05
1;FEF2575;33.5;0.188028798;-3.75e-05
1;FEF2575;33.75;0.19068801;-3.83e-05
1;FEF2575;34.0;0.193161981;-3.9e-05
1;FEF2575;34.25;0.195454708;-3.97e-05
1;FEF2575;34.5;0.197570137;-4.03e-05
1;FEF2575;34.75;0.19951212;-4.1e-05
1;FEF2575;35.0;0.20128441;-4.16e-05
1;FEF2575;35.25;0.202890482;-4.21e-05
1;FEF2575;35.5;0.20433303;-4.27e-05
1;FEF2575;35.75;0.205614515;-4.32e-05
1;FEF2575;36.0;0.206737352;-4.36e-05
1;FEF2575;36.25;0.207703808;-4.41e-05
1;FEF2575;36.5;0.2085157;-4.45e-05
1;FEF2575;36.75;0.209174723;-4.49e-05
1;FEF2575;37.0;0.209682551;-4.52e-05
1;FEF2575;37.25;0.210040883;-4.55e-05
1;FEF2575;37.5;0.21025156;-4.58e-05
1;FEF2575;37.75;0.210316439;-4.6e-05
1;FEF2575;38.0;0.210237349;-4.62e-05
1;FEF2575;38.25;0.21001592;-4.64e-05
1;FEF2575;38.5;0.209653092;-4.65e-05
1;FEF2575;38.75;0.209149643;-4.66e-05
1;FEF2575;39.0;0.208506362;-4.67e-05
1;FEF2575;39.25;0.207724037;-4.67e-05
1;FEF2575;39.5;0.206803407;-4.67e-05
1;FEF2575;39.75;0.205745209;-4.66e-05
1;FEF2575;40.0;0.204550192;-4.66e-05
1;FEF2575;40.25;0.203219066;-4.65e-05
1;FEF2575;40.5;0.201752363;-4.63e-05
1;FEF2575;40.75;0.200150582;-4.61e-05
1;FEF2575;41.0;0.198414243;-4.59e-05
1;FEF2575;41.25;0.196544287;-4.57e-05
1;FEF2575;41.5;0.194543274;-4.54e-05
1;FEF2575;41.75;0.192414102;-4.51e-05
1;FEF2575;42.0;0.190159601;-4.47e-05
1;FEF2575;42.25;0.187782652;-4.43e-05
1;FEF2575;42.5;0.185286533;-4.39e-05
1;FEF2575;42.75;0.182674555;-4.34e-05
1;FEF2575;43.0;0.17994994;-4.3e-05
1;FEF2575;43.25;0.177115761;-4.25e-05
1;FEF2575;43.5;0.174174745;-4.19e-05
1;FEF2575;43.75;0.171129488;-4.13e-05
1;FEF2575;44.0;0.16798252;-4.07e-05
1;FEF2575;44.25;0.164736497;-4.01e-05
1;FEF2575;44.5;0.161394759;-3.94e-05
1;FEF2575;44.75;0.157960738;-3.87e-05
1;FEF2575;45.0;0.154437776;-3.8e-05
1;FEF2575;45.25;0.150829308;-3.72e-05
1;FEF2575;45.5;0.147139416;-3.65e-05
1;FEF2575;45.75;0.14337225;-3.56e-05
1;FEF2575;46.0;0.13953184;-3.48e-05
1;FEF2575;46.25;0.135622065;-3.39e-05
1;FEF2575;46.5;0.131646536;-3.31e-05
1;FEF2575;46.75;0.127608726;-3.21e-05
1;FEF2575;47.0;0.123512011;-3.12e-05
1;FEF2575;47.25;0.119359686;-3.02e-05
1;FEF2575;47.5;0.115155021;-2.92e-05
1;FEF2575;47.75;0.11090121;-2.82e-05
1;FEF2575;48.0;0.106601357;-2.72e-05
1;FEF2575;48.25;0.102258341;-2.61e-05
1;FEF2575;48.5;0.097874408;-2.5e-05
1;FEF2575;48.75;0.093451604;-2.39e-05
1;FEF2575;49.0;0.088991923;-2.28e-05
1;FEF2575;49.25;0.084497297;-2.17e-05
1;FEF2575;49.5;0.07996958;-2.05e-05
1;FEF2575;49.75;0.075410569;-1.93e-05
1;FEF2575;50.0;0.070822014;-1.81e-05
1;FEF2575;50.25;0.066205621;-1.69e-05
1;FEF2575;50.5;0.061563058;-1.56e-05
1;FEF2575;50.75;0.056895952;-1.44e-05
1;FEF2575;51.0;0.052205886;-1.31e-05
1;FEF2575;51.25;0.047494401;-1.18e-05
1;FEF2575;51.5;0.042762992;-1.05e-05
1;FEF2575;51.75;0.038013113;-9.17e-06
1;FEF2575;52.0;0.033246181;-7.82e-06
1;FEF2575;52.25;0.028463567;-6.47e-06
1;FEF2575;52.5;0.023666576;-5.09e-06
1;FEF2575;52.75;0.018856471;-3.71e-06
1;FEF2575;53.0;0.014034481;-2.31e-06
1;FEF2575;53.25;0.009201807;-8.97e-07
1;FEF2575;53.5;0.004359616;5.29e-07
1;FEF2575;53.75;-0.000490952;1.97e-06
1;FEF2575;54.0;-0.005348788;3.42e-06
1;FEF2575;54.25;-0.010212811;4.88e-06
1;FEF2575;54.5;-0.01508197;6.35e-06
1;FEF2575;54.75;-0.019955241;7.83e-06
1;FEF2575;55.0;-0.024831626;9.33e-06
1;FEF2575;55.25;-0.029710155;1.08e-05
1;FEF2575;55.5;-0.034589881;1.23e-05
1;FEF2575;55.75;-0.039469883;1.39e-05
1;FEF2575;56.0;-0.044349265;1.54e-05
1;FEF2575;56.25;-0.049227149;1.69e-05
1;FEF2575;56.5;-0.054102664;1.85e-05
1;FEF2575;56.75;-0.058974958;2e-05
1;FEF2575;57.0;-0.063843201;2.16e-05
1;FEF2575;57.25;-0.068706584;2.32e-05
1;FEF2575;57.5;-0.073564317;2.48e-05
1;FEF2575;57.75;-0.07841563;2.63e-05
1;FEF2575;58.0;-0.083259771;2.79e-05
1;FEF2575;58.25;-0.088096013;2.95e-05
1;FEF2575;58.5;-0.092923657;3.11e-05
1;FEF2575;58.75;-0.097742024;3.28e-05
1;FEF2575;59.0;-0.102550455;3.44e-05
1;FEF2575;59.25;-0.107348296;3.6e-05
1;FEF2575;59.5;-0.112134881;3.76e-05
1;FEF2575;59.75;-0.116909547;3.92e-05
1;FEF2575;60.0;-0.121671653;4.09e-05
1;FEF2575;60.25;-0.126420613;4.25e-05
1;FEF2575;60.5;-0.13115602;4.42e-05
1;FEF2575;60.75;-0.135877513;4.58e-05
1;FEF2575;61.0;-0.140584747;4.75e-05
1;FEF2575;61.25;-0.145277423;4.91e-05
1;FEF2575;61.5;-0.149955409;5.08e-05
1;FEF2575;61.75;-0.154618617;5.24e-05
1;FEF2575;62.0;-0.159266963;5.41e-05
1;FEF2575;62.25;-0.163900357;5.57e-05
1;FEF2575;62.5;-0.168518679;5.74e-05
1;FEF2575;62.75;-0.173121803;5.91e-05
1;FEF2575;63.0;-0.177709608;6.07e-05
1;FEF2575;63.25;-0.182281983;6.24e-05
1;FEF2575;63.5;-0.186838834;6.41e-05
1;FEF2575;63.75;-0.191380076;6.57e-05
1;FEF2575;64.0;-0.195905628;6.74e-05
1;FEF2575;64.25;-0.200415403;6.91e-05
1;FEF2575;64.5;-0.204909291;7.07e-05
1;FEF2575;64.75;-0.209387178;7.24e-05
1;FEF2575;65.0;-0.213848954;7.41e-05
1;FEF2575;65.25;-0.218294552;7.57e-05
1;FEF2575;65.5;-0.222724064;7.74e-05
1;FEF2575;65.75;-0.227137616;7.91e-05
1;FEF2575;66.0;-0.231535335;8.07e-05
1;FEF2575;66.25;-0.235917364;8.24e-05
1;FEF2575;66.5;-0.24028391;8.4e-05
1;FEF2575;66.75;-0.244635194;8.57e-05
1;FEF2575;67.0;-0.248971433;8.73e-05
1;FEF2575;67.25;-0.253292839;8.9e-05
1;FEF2575;67.5;-0.257599602;9.06e-05
1;FEF2575;67.75;-0.261891908;9.23e-05
1;FEF2575;68.0;-0.266169938;9.39e-05
1;FEF2575;68.25;-0.270433873;9.56e-05
1;FEF2575;68.5;-0.274683887;9.72e-05
1;FEF2575;68.75;-0.278920156;9.88e-05
1;FEF2575;69.0;-0.283142849;0.000100449
1;FEF2575;69.25;-0.287352138;0.000102072
1;FEF2575;69.5;-0.291548208;0.000103691
1;FEF2575;69.75;-0.295731243;0.000105306
1;FEF2575;70.0;-0.299901424;0.000106916
1;FEF2575;70.25;-0.304058912;0.000108523
1;FEF2575;70.5;-0.308203796;0.000110125
1;FEF2575;70.75;-0.312336147;0.000111722
1;FEF2575;71.0;-0.316456035;0.000113315
1;FEF2575;71.25;-0.320563508;0.000114904
1;FEF2575;71.5;-0.324658537;0.000116487
1;FEF2575;71.75;-0.328741075;0.000118066
1;FEF2575;72.0;-0.332811074;0.00011964
1;FEF2575;72.25;-0.336868496;0.00012121
1;FEF2575;72.5;-0.340913315;0.000122775
1;FEF2575;72.75;-0.344945514;0.000124335
1;FEF2575;73.0;-0.348965078;0.00012589
1;FEF2575;73.25;-0.352971988;0.00012744
1;FEF2575;73.5;-0.356966233;0.000128986
1;FEF2575;73.75;-0.360947797;0.000130527
1;FEF2575;74.0;-0.36491667;0.000132063
1;FEF2575;74.25;-0.368872835;0.000133594
1;FEF2575;74.5;-0.37281626;0.000135121
1;FEF2575;74.75;-0.376746908;0.000136642
1;FEF2575;75.0;-0.380664746;0.000138159
1;FEF2575;75.25;-0.384569752;0.000139671
1;FEF2575;75.5;-0.388461949;0.000141177
1;FEF2575;75.75;-0.392341373;0.000142679
1;FEF2575;76.0;-0.39620806;0.000144176
1;FEF2575;76.25;-0.400062044;0.000145668
1;FEF2575;76.5;-0.403903362;0.000147155
1;FEF2575;76.75;-0.407732049;0.000148638
1;FEF2575;77.0;-0.411548141;0.000150115
1;FEF2575;77.25;-0.415351685;0.000151588
1;FEF2575;77.5;-0.419142767;0.000153055
1;FEF2575;77.75;-0.422921485;0.000154518
1;FEF2575;78.0;-0.426687935;0.000155977
1;FEF2575;78.25;-0.430442211;0.00015743
1;FEF2575;78.5;-0.434184407;0.000158879
1;FEF2575;78.75;-0.437914616;0.000160323
1;FEF2575;79.0;-0.441632928;0.000161763
1;FEF2575;79.25;-0.445339434;0.000163198
1;FEF2575;79.5;-0.449034215;0.000164628
1;FEF2575;79.75;-0.452717354;0.000166054
1;FEF2575;80.0;-0.456388931;0.000167475
1;FEF2575;80.25;-0.460049023;0.000168892
1;FEF2575;80.5;-0.463697711;0.000170305
1;FEF2575;80.75;-0.467335071;0.000171713
1;FEF2575;81.0;-0.470961181;0.000173117
1;FEF2575;81.25;-0.474576115;0.000174516
1;FEF2575;81.5;-0.478179943;0.000175911
1;FEF2575;81.75;-0.481772733;0.000177302
1;FEF2575;82.0;-0.485354553;0.000178689
1;FEF2575;82.25;-0.48892547;0.000180071
1;FEF2575;82.5;-0.492485549;0.000181449
1;FEF2575;82.75;-0.496034856;0.000182823
1;FEF2575;83.0;-0.499573457;0.000184193
1;FEF25;18.0;-0.155752213;-4.27e-05
1;FEF25;18.25;-0.15025442;-4.12e-05
1;FEF25;18.5;-0.144834734;-3.97e-05
1;FEF25;18.75;-0.139494197;-3.82e-05
1;FEF25;19.0;-0.134233691;-3.67e-05
1;FEF25;19.25;-0.129054079;-3.53e-05
1;FEF25;19.5;-0.123956608;-3.38e-05
1;FEF25;19.75;-0.118942482;-3.24e-05
1;FEF25;20.0;-0.114012732;-3.1e-05
1;FEF25;20.25;-0.109168499;-2.97e-05
1;FEF25;20.5;-0.104411801;-2.84e-05
1;FEF25;20.75;-0.099744687;-2.7e-05
1;FEF25;21.0;-0.095168979;-2.58e-05
1;FEF25;21.25;-0.090686556;-2.45e-05
1;FEF25;21.5;-0.08630013;-2.33e-05
1;FEF25;21.75;-0.082012401;-2.21e-05
1;FEF25;22.0;-0.077825802;-2.09e-05
1;FEF25;22.25;-0.073742509;-1.98e-05
1;FEF25;22.5;-0.069764418;-1.87e-05
1;FEF25;22.75;-0.065893205;-1.76e-05
1;FEF25;23.0;-0.062130352;-1.66e-05
1;FEF25;23.25;-0.058477247;-1.56e-05
1;FEF25;23.5;-0.054935424;-1.46e-05
1;FEF25;23.75;-0.051506319;-1.37e-05
1;FEF25;24.0;-0.048191196;-1.28e-05
1;FEF25;24.25;-0.044990404;-1.19e-05
1;FEF25;24.5;-0.041901219;-1.11e-05
1;FEF25;24.75;-0.038920269;-1.03e-05
1;FEF25;25.0;-0.036044312;-9.49e-06
1;FEF25;25.25;-0.03327016;-8.74e-06
1;FEF25;25.5;-0.030594504;-8.01e-06
1;FEF25;25.75;-0.028014097;-7.3e-06
1;FEF25;26.0;-0.02552582;-6.62e-06
1;FEF25;26.25;-0.023126505;-5.95e-06
1;FEF25;26.5;-0.020812434;-5.31e-06
1;FEF25;26.75;-0.018579883;-4.67e-06
1;FEF25;27.0;-0.016425281;-4.06e-06
1;FEF25;27.25;-0.01434519;-3.45e-06
1;FEF25;27.5;-0.012336231;-2.86e-06
1;FEF25;27.75;-0.010395149;-2.28e-06
1;FEF25;28.0;-0.008518821;-1.71e-06
1;FEF25;28.25;-0.006704448;-1.15e-06
1;FEF25;28.5;-0.004950088;-5.96e-07
1;FEF25;28.75;-0.003254058;-5.25e-08
1;FEF25;29.0;-0.001614728;4.81e-07
1;FEF25;29.25;-3.05e-05;1e-06
1;FEF25;29.5;0.001500074;1.52e-06
1;FEF25;29.75;0.002978539;2.02e-06
1;FEF25;30.0;0.004406293;2.51e-06
1;FEF25;30.25;0.005784631;2.99e-06
1;FEF25;30.5;0.007114482;3.46e-06
1;FEF25;30.75;0.008396671;3.92e-06
1;FEF25;31.0;0.009632006;4.36e-06
1;FEF25;31.25;0.010821228;4.79e-06
1;FEF25;31.5;0.011964875;5.2e-06
1;FEF25;31.75;0.013063436;5.6e-06
1;FEF25;32.0;0.014117392;5.99e-06
1;FEF25;32.25;0.015127257;6.35e-06
1;FEF25;32.5;0.016093676;6.7e-06
1;FEF25;32.75;0.017017315;7.03e-06
1;FEF25;33.0;0.017898827;7.34e-06
1;FEF25;33.25;0.018738926;7.63e-06
1;FEF25;33.5;0.01953861;7.9e-06
1;FEF25;33.75;0.02029892;8.15e-06
1;FEF25;34.0;0.021020866;8.38e-06
1;FEF25;34.25;0.021705423;8.59e-06
1;FEF25;34.5;0.022353515;8.78e-06
1;FEF25;34.75;0.022966033;8.94e-06
1;FEF25;35.0;0.023543843;9.09e-06
1;FEF25;35.25;0.024087768;9.21e-06
1;FEF25;35.5;0.024598532;9.32e-06
1;FEF25;35.75;0.025076822;9.4e-06
1;FEF25;36.0;0.025523308;9.46e-06
1;FEF25;36.25;0.025938633;9.51e-06
1;FEF25;36.5;0.026323384;9.53e-06
1;FEF25;36.75;0.026678127;9.53e-06
1;FEF25;37.0;0.027003411;9.52e-06
1;FEF25;37.25;0.027299772;9.49e-06
1;FEF25;37.5;0.027567716;9.44e-06
1;FEF25;37.75;0.027807732;9.38e-06
1;FEF25;38.0;0.028020301;9.31e-06
1;FEF25;38.25;0.028205948;9.21e-06
1;FEF25;38.5;0.028365412;9.11e-06
1;FEF25;38.75;0.028499466;8.99e-06
1;FEF25;39.0;0.028608861;8.85e-06
1;FEF25;39.25;0.028694336;8.71e-06
1;FEF25;39.5;0.028756642;8.56e-06
1;FEF25;39.75;0.028796518;8.39e-06
1;FEF25;40.0;0.02881468;8.22e-06
1;FEF25;40.25;0.028811833;8.04e-06
1;FEF25;40.5;0.02878868;7.85e-06
1;FEF25;40.75;0.028745913;7.65e-06
1;FEF25;41.0;0.028684204;7.45e-06
1;FEF25;41.25;0.02860414;7.24e-06
1;FEF25;41.5;0.028506037;7.02e-06
1;FEF25;41.75;0.028390143;6.8e-06
1;FEF25;42.0;0.028256702;6.58e-06
1;FEF25;42.25;0.028105931;6.35e-06
1;FEF25;42.5;0.027937967;6.12e-06
1;FEF25;42.75;0.027752925;5.88e-06
1;FEF25;43.0;0.02755092;5.64e-06
1;FEF25;43.25;0.027332084;5.41e-06
1;FEF25;43.5;0.027096602;5.16e-06
1;FEF25;43.75;0.026844676;4.92e-06
1;FEF25;44.0;0.0265765;4.67e-06
1;FEF25;44.25;0.026292221;4.43e-06
1;FEF25;44.5;0.025991795;4.18e-06
1;FEF25;44.75;0.025675137;3.94e-06
1;FEF25;45.0;0.025342169;3.69e-06
1;FEF25;45.25;0.024992771;3.44e-06
1;FEF25;45.5;0.02462664;3.2e-06
1;FEF25;45.75;0.024243442;2.95e-06
1;FEF25;46.0;0.023842854;2.71e-06
1;FEF25;46.25;0.02342458;2.46e-06
1;FEF25;46.5;0.022988378;2.22e-06
1;FEF25;46.75;0.022534026;1.98e-06
1;FEF25;47.0;0.022061314;1.74e-06
1;FEF25;47.25;0.021570037;1.5e-06
1;FEF25;47.5;0.02105998;1.27e-06
1;FEF25;47.75;0.020530931;1.03e-06
1;FEF25;48.0;0.019982691;8.02e-07
1;FEF25;48.25;0.019415128;5.73e-07
1;FEF25;48.5;0.018828351;3.47e-07
1;FEF25;48.75;0.018222528;1.23e-07
1;FEF25;49.0;0.017597825;-9.75e-08
1;FEF25;49.25;0.016954411;-3.16e-07
1;FEF25;49.5;0.016292464;-5.31e-07
1;FEF25;49.75;0.015612169;-7.43e-07
1;FEF25;50.0;0.014913704;-9.53e-07
1;FEF25;50.25;0.014197246;-1.16e-06
1;FEF25;50.5;0.013462956;-1.36e-06
1;FEF25;50.75;0.012710994;-1.56e-06
1;FEF25;51.0;0.011941517;-1.76e-06
1;FEF25;51.25;0.011154687;-1.95e-06
1;FEF25;51.5;0.010350692;-2.14e-06
1;FEF25;51.75;0.009529725;-2.33e-06
1;FEF25;52.0;0.008691976;-2.51e-06
1;FEF25;52.25;0.007837698;-2.69e-06
1;FEF25;52.5;0.006967401;-2.87e-06
1;FEF25;52.75;0.006081647;-3.04e-06
1;FEF25;53.0;0.005180986;-3.21e-06
1;FEF25;53.25;0.004265951;-3.38e-06
1;FEF25;53.5;0.003337042;-3.54e-06
1;FEF25;53.75;0.002394745;-3.7e-06
1;FEF25;54.0;0.001439534;-3.86e-06
1;FEF25;54.25;0.000471873;-4.01e-06
1;FEF25;54.5;-0.000507781;-4.15e-06
1;FEF25;54.75;-0.001498976;-4.3e-06
1;FEF25;55.0;-0.002501276;-4.44e-06
1;FEF25;55.25;-0.003514252;-4.57e-06
1;FEF25;55.5;-0.004537489;-4.7e-06
1;FEF25;55.75;-0.005570582;-4.83e-06
1;FEF25;56.0;-0.006613135;-4.96e-06
1;FEF25;56.25;-0.007664747;-5.08e-06
1;FEF25;56.5;-0.008724976;-5.19e-06
1;FEF25;56.75;-0.009793374;-5.3e-06
1;FEF25;57.0;-0.010869504;-5.41e-06
1;FEF25;57.25;-0.011952942;-5.52e-06
1;FEF25;57.5;-0.013043267;-5.62e-06
1;FEF25;57.75;-0.014140072;-5.71e-06
1;FEF25;58.0;-0.015242956;-5.81e-06
1;FEF25;58.25;-0.016351531;-5.9e-06
1;FEF25;58.5;-0.017465417;-5.98e-06
1;FEF25;58.75;-0.018584247;-6.07e-06
1;FEF25;59.0;-0.019707662;-6.15e-06
1;FEF25;59.25;-0.020835306;-6.22e-06
1;FEF25;59.5;-0.021966829;-6.29e-06
1;FEF25;59.75;-0.023101883;-6.36e-06
1;FEF25;60.0;-0.024240129;-6.43e-06
1;FEF25;60.25;-0.025381247;-6.49e-06
1;FEF25;60.5;-0.026524957;-6.55e-06
1;FEF25;60.75;-0.027670996;-6.6e-06
1;FEF25;61.0;-0.028819105;-6.66e-06
1;FEF25;61.25;-0.029969041;-6.71e-06
1;FEF25;61.5;-0.031120601;-6.75e-06
1;FEF25;61.75;-0.032273596;-6.8e-06
1;FEF25;62.0;-0.033427839;-6.84e-06
1;FEF25;62.25;-0.034583148;-6.87e-06
1;FEF25;62.5;-0.035739335;-6.91e-06
1;FEF25;62.75;-0.036896217;-6.94e-06
1;FEF25;63.0;-0.038053614;-6.97e-06
1;FEF25;63.25;-0.039211351;-7e-06
1;FEF25;63.5;-0.04036926;-7.03e-06
1;FEF25;63.75;-0.041527177;-7.05e-06
1;FEF25;64.0;-0.042684944;-7.07e-06
1;FEF25;64.25;-0.043842403;-7.09e-06
1;FEF25;64.5;-0.044999395;-7.11e-06
1;FEF25;64.75;-0.046155765;-7.12e-06
1;FEF25;65.0;-0.047311361;-7.14e-06
1;FEF25;65.25;-0.048466039;-7.15e-06
1;FEF25;65.5;-0.049619687;-7.16e-06
1;FEF25;65.75;-0.050772201;-7.16e-06
1;FEF25;66.0;-0.051923477;-7.17e-06
1;FEF25;66.25;-0.05307342;-7.18e-06
1;FEF25;66.5;-0.054221945;-7.18e-06
1;FEF25;66.75;-0.055368975;-7.18e-06
1;FEF25;67.0;-0.056514432;-7.18e-06
1;FEF25;67.25;-0.057658241;-7.18e-06
1;FEF25;67.5;-0.058800325;-7.18e-06
1;FEF25;67.75;-0.059940609;-7.18e-06
1;FEF25;68.0;-0.061079019;-7.17e-06
1;FEF25;68.25;-0.062215483;-7.17e-06
1;FEF25;68.5;-0.063349932;-7.16e-06
1;FEF25;68.75;-0.064482299;-7.16e-06
1;FEF25;69.0;-0.065612519;-7.15e-06
1;FEF25;69.25;-0.066740526;-7.14e-06
1;FEF25;69.5;-0.067866256;-7.14e-06
1;FEF25;69.75;-0.068989649;-7.13e-06
1;FEF25;70.0;-0.070110642;-7.12e-06
1;FEF25;70.25;-0.071229176;-7.11e-06
1;FEF25;70.5;-0.072345199;-7.1e-06
1;FEF25;70.75;-0.073458658;-7.1e-06
1;FEF25;71.0;-0.074569502;-7.09e-06
1;FEF25;71.25;-0.075677683;-7.08e-06
1;FEF25;71.5;-0.076783157;-7.07e-06
1;FEF25;71.75;-0.077885881;-7.06e-06
1;FEF25;72.0;-0.078985812;-7.05e-06
1;FEF25;72.25;-0.080082912;-7.04e-06
1;FEF25;72.5;-0.08117714;-7.04e-06
1;FEF25;72.75;-0.08226846;-7.03e-06
1;FEF25;73.0;-0.083356835;-7.02e-06
1;FEF25;73.25;-0.084442229;-7.01e-06
1;FEF25;73.5;-0.085524607;-7e-06
1;FEF25;73.75;-0.086603936;-6.99e-06
1;FEF25;74.0;-0.087680182;-6.98e-06
1;FEF25;74.25;-0.088753312;-6.98e-06
1;FEF25;74.5;-0.089823286;-6.97e-06
1;FEF25;74.75;-0.090890061;-6.96e-06
1;FEF25;75.0;-0.091953599;-6.95e-06
1;FEF25;75.25;-0.093013864;-6.94e-06
1;FEF25;75.5;-0.094070843;-6.94e-06
1;FEF25;75.75;-0.095124528;-6.93e-06
1;FEF25;76.0;-0.096174911;-6.92e-06
1;FEF25;76.25;-0.097221983;-6.92e-06
1;FEF25;76.5;-0.098265738;-6.91e-06
1;FEF25;76.75;-0.099306169;-6.9e-06
1;FEF25;77.0;-0.10034327;-6.9e-06
1;FEF25;77.25;-0.101377038;-6.89e-06
1;FEF25;77.5;-0.102407493;-6.88e-06
1;FEF25;77.75;-0.103434656;-6.88e-06
1;FEF25;78.0;-0.104458551;-6.87e-06
1;FEF25;78.25;-0.105479199;-6.87e-06
1;FEF25;78.5;-0.106496623;-6.86e-06
1;FEF25;78.75;-0.107510845;-6.86e-06
1;FEF25;79.0;-0.108521886;-6.85e-06
1;FEF25;79.25;-0.109529767;-6.85e-06
1;FEF25;79.5;-0.110534504;-6.84e-06
1;FEF25;79.75;-0.111536112;-6.84e-06
1;FEF25;80.0;-0.112534606;-6.83e-06
1;FEF25;80.25;-0.113530003;-6.83e-06
1;FEF25;80.5;-0.114522316;-6.82e-06
1;FEF25;80.75;-0.11551156;-6.82e-06
1;FEF25;81.0;-0.11649775;-6.81e-06
1;FEF25;81.25;-0.117480903;-6.81e-06
1;FEF25;81.5;-0.118461034;-6.8e-06
1;FEF25;81.75;-0.119438164;-6.8e-06
1;FEF25;82.0;-0.12041231;-6.8e-06
1;FEF25;82.25;-0.121383491;-6.79e-06
1;FEF25;82.5;-0.122351724;-6.79e-06
1;FEF25;82.75;-0.123317028;-6.78e-06
1;FEF25;83.0;-0.124279419;-6.78e-06
1;FEF50;18.0;-0.875225704;5.84e-06
1;FEF50;18.25;-0.846080091;5.77e-06
1;FEF50;18.5;-0.817341918;5.7e-06
1;FEF50;18.75;-0.789010604;5.64e-06
1;FEF50;19.0;-0.76108518;5.58e-06
1;FEF50;19.25;-0.733566016;5.52e-06
1;FEF50;19.5;-0.706459652;5.47e-06
1;FEF50;19.75;-0.679773347;5.43e-06
1;FEF50;20.0;-0.653513413;5.39e-06
1;FEF50;20.25;-0.627686066;5.35e-06
1;FEF50;20.5;-0.602299715;5.32e-06
1;FEF50;20.75;-0.57736251;5.3e-06
1;FEF50;21.0;-0.552881617;5.28e-06
1;FEF50;21.25;-0.528863493;5.27e-06
1;FEF50;21.5;-0.505314508;5.26e-06
1;FEF50;21.75;-0.482240385;5.25e-06
1;FEF50;22.0;-0.459646062;5.25e-06
1;FEF50;22.25;-0.437536263;5.26e-06
1;FEF50;22.5;-0.415917012;5.27e-06
1;FEF50;22.75;-0.394794043;5.29e-06
1;FEF50;23.0;-0.374172336;5.3e-06
1;FEF50;23.25;-0.354056554;5.33e-06
1;FEF50;23.5;-0.334452212;5.35e-06
1;FEF50;23.75;-0.315364478;5.38e-06
1;FEF50;24.0;-0.296797826;5.41e-06
1;FEF50;24.25;-0.278754125;5.44e-06
1;FEF50;24.5;-0.261227037;5.47e-06
1;FEF50;24.75;-0.244208349;5.51e-06
1;FEF50;25.0;-0.227689994;5.54e-06
1;FEF50;25.25;-0.211663918;5.57e-06
1;FEF50;25.5;-0.196121707;5.6e-06
1;FEF50;25.75;-0.181054995;5.62e-06
1;FEF50;26.0;-0.166455602;5.64e-06
1;FEF50;26.25;-0.152313804;5.65e-06
1;FEF50;26.5;-0.138613379;5.66e-06
1;FEF50;26.75;-0.125337074;5.67e-06
1;FEF50;27.0;-0.112468343;5.66e-06
1;FEF50;27.25;-0.099991191;5.65e-06
1;FEF50;27.5;-0.08788981;5.64e-06
1;FEF50;27.75;-0.076148918;5.62e-06
1;FEF50;28.0;-0.064753851;5.59e-06
1;FEF50;28.25;-0.05369159;5.55e-06
1;FEF50;28.5;-0.042953797;5.51e-06
1;FEF50;28.75;-0.032533427;5.46e-06
1;FEF50;29.0;-0.022423638;5.4e-06
1;FEF50;29.25;-0.012617759;5.33e-06
1;FEF50;29.5;-0.003109209;5.26e-06
1;FEF50;29.75;0.00610843;5.17e-06
1;FEF50;30.0;0.015041394;5.08e-06
1;FEF50;30.25;0.023695148;4.98e-06
1;FEF50;30.5;0.032072667;4.86e-06
1;FEF50;30.75;0.040176324;4.74e-06
1;FEF50;31.0;0.048008498;4.6e-06
1;FEF50;31.25;0.055571229;4.45e-06
1;FEF50;31.5;0.062865203;4.29e-06
1;FEF50;31.75;0.06989085;4.12e-06
1;FEF50;32.0;0.076648692;3.94e-06
1;FEF50;32.25;0.083139613;3.74e-06
1;FEF50;32.5;0.089365654;3.53e-06
1;FEF50;32.75;0.095329139;3.31e-06
1;FEF50;33.0;0.101032392;3.08e-06
1;FEF50;33.25;0.106478383;2.83e-06
1;FEF50;33.5;0.111672627;2.57e-06
1;FEF50;33.75;0.116621126;2.3e-06
1;FEF50;34.0;0.121329714;2.02e-06
1;FEF50;34.25;0.125803962;1.73e-06
1;FEF50;34.5;0.130048909;1.43e-06
1;FEF50;34.75;0.134069369;1.12e-06
1;FEF50;35.0;0.137870031;8.01e-07
1;FEF50;35.25;0.14145554;4.78e-07
1;FEF50;35.5;0.144830739;1.48e-07
1;FEF50;35.75;0.148000419;-1.87e-07
1;FEF50;36.0;0.15096924;-5.26e-07
1;FEF50;36.25;0.153741751;-8.69e-07
1;FEF50;36.5;0.156322428;-1.21e-06
1;FEF50;36.75;0.158715639;-1.56e-06
1;FEF50;37.0;0.160925635;-1.9e-06
1;FEF50;37.25;0.162956592;-2.25e-06
1;FEF50;37.5;0.164812711;-2.59e-06
1;FEF50;37.75;0.166498115;-2.93e-06
1;FEF50;38.0;0.168016818;-3.27e-06
1;FEF50;38.25;0.169372387;-3.6e-06
1;FEF50;38.5;0.170566955;-3.92e-06
1;FEF50;38.75;0.171602288;-4.24e-06
1;FEF50;39.0;0.172480129;-4.56e-06
1;FEF50;39.25;0.173202144;-4.86e-06
1;FEF50;39.5;0.173769756;-5.16e-06
1;FEF50;39.75;0.17418432;-5.46e-06
1;FEF50;40.0;0.174447186;-5.74e-06
1;FEF50;40.25;0.174559676;-6.02e-06
1;FEF50;40.5;0.174523039;-6.28e-06
1;FEF50;40.75;0.174338504;-6.54e-06
1;FEF50;41.0;0.174007292;-6.79e-06
1;FEF50;41.25;0.173530858;-7.03e-06
1;FEF50;41.5;0.17291159;-7.26e-06
1;FEF50;41.75;0.17215206;-7.48e-06
1;FEF50;42.0;0.171254786;-7.69e-06
1;FEF50;42.25;0.170222304;-7.89e-06
1;FEF50;42.5;0.169057388;-8.08e-06
1;FEF50;42.75;0.167762819;-8.26e-06
1;FEF50;43.0;0.166341311;-8.44e-06
1;FEF50;43.25;0.16479547;-8.6e-06
1;FEF50;43.5;0.163127645;-8.75e-06
1;FEF50;43.75;0.161340088;-8.89e-06
1;FEF50;44.0;0.159435001;-9.02e-06
1;FEF50;44.25;0.15741469;-9.14e-06
1;FEF50;44.5;0.155282007;-9.26e-06
1;FEF50;44.75;0.153039882;-9.36e-06
1;FEF50;45.0;0.150691173;-9.45e-06
1;FEF50;45.25;0.148238817;-9.54e-06
1;FEF50;45.5;0.14568627;-9.61e-06
1;FEF50;45.75;0.143037046;-9.68e-06
1;FEF50;46.0;0.140294567;-9.73e-06
1;FEF50;46.25;0.137462131;-9.78e-06
1;FEF50;46.5;0.134542834;-9.81e-06
1;FEF50;46.75;0.131539663;-9.84e-06
1;FEF50;47.0;0.128455525;-9.85e-06
1;FEF50;47.25;0.125293258;-9.86e-06
1;FEF50;47.5;0.122055648;-9.86e-06
1;FEF50;47.75;0.11874541;-9.85e-06
1;FEF50;48.0;0.115365193;-9.83e-06
1;FEF50;48.25;0.111917634;-9.79e-06
1;FEF50;48.5;0.108405534;-9.75e-06
1;FEF50;48.75;0.104831676;-9.71e-06
1;FEF50;49.0;0.101198771;-9.65e-06
1;FEF50;49.25;0.097509466;-9.58e-06
1;FEF50;49.5;0.093766358;-9.5e-06
1;FEF50;49.75;0.08997198;-9.42e-06
1;FEF50;50.0;0.086128803;-9.32e-06
1;FEF50;50.25;0.082239222;-9.22e-06
1;FEF50;50.5;0.078305552;-9.11e-06
1;FEF50;50.75;0.074330038;-8.99e-06
1;FEF50;51.0;0.070314868;-8.86e-06
1;FEF50;51.25;0.066262193;-8.72e-06
1;FEF50;51.5;0.062174179;-8.57e-06
1;FEF50;51.75;0.058052954;-8.42e-06
1;FEF50;52.0;0.053900591;-8.26e-06
1;FEF50;52.25;0.049719284;-8.09e-06
1;FEF50;52.5;0.045511862;-7.91e-06
1;FEF50;52.75;0.04128125;-7.72e-06
1;FEF50;53.0;0.037030297;-7.52e-06
1;FEF50;53.25;0.032761763;-7.32e-06
1;FEF50;53.5;0.028478286;-7.11e-06
1;FEF50;53.75;0.024182424;-6.89e-06
1;FEF50;54.0;0.019876666;-6.66e-06
1;FEF50;54.25;0.015563435;-6.43e-06
1;FEF50;54.5;0.0112451;-6.18e-06
1;FEF50;54.75;0.006923967;-5.93e-06
1;FEF50;55.0;0.00260228;-5.67e-06
1;FEF50;55.25;-0.001717772;-5.4e-06
1;FEF50;55.5;-0.006034051;-5.13e-06
1;FEF50;55.75;-0.01034447;-4.85e-06
1;FEF50;56.0;-0.014647002;-4.56e-06
1;FEF50;56.25;-0.018939805;-4.26e-06
1;FEF50;56.5;-0.023221622;-3.96e-06
1;FEF50;56.75;-0.027491363;-3.65e-06
1;FEF50;57.0;-0.031747965;-3.33e-06
1;FEF50;57.25;-0.035990398;-3e-06
1;FEF50;57.5;-0.040217672;-2.67e-06
1;FEF50;57.75;-0.044428825;-2.33e-06
1;FEF50;58.0;-0.04862292;-1.98e-06
1;FEF50;58.25;-0.052799054;-1.62e-06
1;FEF50;58.5;-0.056956358;-1.26e-06
1;FEF50;58.75;-0.061093996;-8.96e-07
1;FEF50;59.0;-0.065211153;-5.22e-07
1;FEF50;59.25;-0.069307019;-1.41e-07
1;FEF50;59.5;-0.073380742;2.46e-07
1;FEF50;59.75;-0.077431476;6.39e-07
1;FEF50;60.0;-0.0814584;1.04e-06
1;FEF50;60.25;-0.085460793;1.44e-06
1;FEF50;60.5;-0.089438264;1.86e-06
1;FEF50;60.75;-0.093390511;2.27e-06
1;FEF50;61.0;-0.097317244;2.7e-06
1;FEF50;61.25;-0.101218256;3.13e-06
1;FEF50;61.5;-0.105093657;3.56e-06
1;FEF50;61.75;-0.108943631;4e-06
1;FEF50;62.0;-0.112768359;4.44e-06
1;FEF50;62.25;-0.116568006;4.89e-06
1;FEF50;62.5;-0.120342666;5.35e-06
1;FEF50;62.75;-0.124092418;5.8e-06
1;FEF50;63.0;-0.12781734;6.27e-06
1;FEF50;63.25;-0.131517522;6.73e-06
1;FEF50;63.5;-0.135193084;7.2e-06
1;FEF50;63.75;-0.138844154;7.67e-06
1;FEF50;64.0;-0.142470861;8.15e-06
1;FEF50;64.25;-0.146073315;8.63e-06
1;FEF50;64.5;-0.149651566;9.11e-06
1;FEF50;64.75;-0.153205647;9.6e-06
1;FEF50;65.0;-0.156735595;1.01e-05
1;FEF50;65.25;-0.160241534;1.06e-05
1;FEF50;65.5;-0.163723931;1.11e-05
1;FEF50;65.75;-0.167183332;1.16e-05
1;FEF50;66.0;-0.170620272;1.21e-05
1;FEF50;66.25;-0.174035316;1.26e-05
1;FEF50;66.5;-0.177429166;1.31e-05
1;FEF50;66.75;-0.180802549;1.36e-05
1;FEF50;67.0;-0.18415618;1.41e-05
1;FEF50;67.25;-0.187490747;1.46e-05
1;FEF50;67.5;-0.190806895;1.51e-05
1;FEF50;67.75;-0.194105245;1.56e-05
1;FEF50;68.0;-0.197386409;1.61e-05
1;FEF50;68.25;-0.200650983;1.66e-05
1;FEF50;68.5;-0.203899556;1.71e-05
1;FEF50;68.75;-0.207132703;1.76e-05
1;FEF50;69.0;-0.210350988;1.81e-05
1;FEF50;69.25;-0.213554973;1.86e-05
1;FEF50;69.5;-0.216745238;1.91e-05
1;FEF50;69.75;-0.219922361;1.96e-05
1;FEF50;70.0;-0.223086908;2.01e-05
1;FEF50;70.25;-0.226239396;2.07e-05
1;FEF50;70.5;-0.229380187;2.12e-05
1;FEF50;70.75;-0.232509597;2.17e-05
1;FEF50;71.0;-0.235627939;2.22e-05
1;FEF50;71.25;-0.238735477;2.27e-05
1;FEF50;71.5;-0.241832309;2.32e-05
1;FEF50;71.75;-0.244918492;2.37e-05
1;FEF50;72.0;-0.247994082;2.42e-05
1;FEF50;72.25;-0.25105914;2.47e-05
1;FEF50;72.5;-0.254113754;2.52e-05
1;FEF50;72.75;-0.257158017;2.57e-05
1;FEF50;73.0;-0.26019202;2.62e-05
1;FEF50;73.25;-0.263215853;2.66e-05
1;FEF50;73.5;-0.266229605;2.71e-05
1;FEF50;73.75;-0.269233364;2.76e-05
1;FEF50;74.0;-0.272227217;2.81e-05
1;FEF50;74.25;-0.275211251;2.86e-05
1;FEF50;74.5;-0.278185551;2.91e-05
1;FEF50;74.75;-0.281150204;2.96e-05
1;FEF50;75.0;-0.284105294;3.01e-05
1;FEF50;75.25;-0.287050902;3.05e-05
1;FEF50;75.5;-0.289987096;3.1e-05
1;FEF50;75.75;-0.292913938;3.15e-05
1;FEF50;76.0;-0.295831493;3.2e-05
1;FEF50;76.25;-0.298739822;3.25e-05
1;FEF50;76.5;-0.301638988;3.29e-05
1;FEF50;76.75;-0.304529051;3.34e-05
1;FEF50;77.0;-0.307410072;3.39e-05
1;FEF50;77.25;-0.31028211;3.43e-05
1;FEF50;77.5;-0.313145222;3.48e-05
1;FEF50;77.75;-0.315999463;3.53e-05
1;FEF50;78.0;-0.318844888;3.57e-05
1;FEF50;78.25;-0.321681551;3.62e-05
1;FEF50;78.5;-0.324509505;3.67e-05
1;FEF50;78.75;-0.327328805;3.71e-05
1;FEF50;79.0;-0.330139502;3.76e-05
1;FEF50;79.25;-0.332941642;3.81e-05
1;FEF50;79.5;-0.335735243;3.85e-05
1;FEF50;79.75;-0.338520317;3.9e-05
1;FEF50;80.0;-0.341296876;3.94e-05
1;FEF50;80.25;-0.344064932;3.99e-05
1;FEF50;80.5;-0.346824497;4.03e-05
1;FEF50;80.75;-0.349575584;4.08e-05
1;FEF50;81.0;-0.352318206;4.12e-05
1;FEF50;81.25;-0.355052383;4.17e-05
1;FEF50;81.5;-0.35777816;4.21e-05
1;FEF50;81.75;-0.360495588;4.26e-05
1;FEF50;82.0;-0.363204719;4.3e-05
1;FEF50;82.25;-0.365905603;4.34e-05
1;FEF50;82.5;-0.36859829;4.39e-05
1;FEF50;82.75;-0.37128283;4.43e-05
1;FEF50;83.0;-0.373959271;4.48e-05
0;FEV1;18.0;-0.072036858;0.000122168
0;FEV1;18.25;-0.068059782;0.000114129
0;FEV1;18.5;-0.064147237;0.000106217
0;FEV1;18.75;-0.060307398;9.84e-05
0;FEV1;19.0;-0.056547726;9.08e-05
0;FEV1;19.25;-0.052874163;8.34e-05
0;FEV1;19.5;-0.049288741;7.61e-05
0;FEV1;19.75;-0.045792423;6.9e-05
0;FEV1;20.0;-0.04238601;6.21e-05
0;FEV1;20.25;-0.039070344;5.54e-05
0;FEV1;20.5;-0.035846869;4.89e-05
0;FEV1;20.75;-0.032717023;4.26e-05
0;FEV1;21.0;-0.029682053;3.65e-05
0;FEV1;21.25;-0.026743096;3.07e-05
0;FEV1;21.5;-0.023901377;2.51e-05
0;FEV1;21.75;-0.021158014;1.98e-05
0;FEV1;22.0;-0.018513963;1.47e-05
0;FEV1;22.25;-0.015969523;9.82e-06
0;FEV1;22.5;-0.013522882;5.2e-06
0;FEV1;22.75;-0.011171774;8.27e-07
0;FEV1;23.0;-0.008914;-3.31e-06
0;FEV1;23.25;-0.006747304;-7.22e-06
0;FEV1;23.5;-0.004669007;-1.09e-05
0;FEV1;23.75;-0.002676408;-1.43e-05
0;FEV1;24.0;-0.00076691;-1.76e-05
0;FEV1;24.25;0.00106216;-2.06e-05
0;FEV1;24.5;0.002814047;-2.34e-05
0;FEV1;24.75;0.004492026;-2.6e-05
0;FEV1;25.0;0.006099226;-2.84e-05
0;FEV1;25.25;0.007638654;-3.06e-05
0;FEV1;25.5;0.009113243;-3.26e-05
0;FEV1;25.75;0.010525814;-3.45e-05
0;FEV1;26.0;0.011879065;-3.62e-05
0;FEV1;26.25;0.013175685;-3.77e-05
0;FEV1;26.5;0.014418674;-3.91e-05
0;FEV1;26.75;0.015611;-4.03e-05
0;FEV1;27.0;0.0167555;-4.14e-05
0;FEV1;27.25;0.017854798;-4.24e-05
0;FEV1;27.5;0.018911085;-4.32e-05
0;FEV1;27.75;0.019926378;-4.4e-05
0;FEV1;28.0;0.020902607;-4.46e-05
0;FEV1;28.25;0.021841364;-4.51e-05
0;FEV1;28.5;0.022743143;-4.55e-05
0;FEV1;28.75;0.023608181;-4.58e-05
0;FEV1;29.0;0.024436718;-4.6e-05
0;FEV1;29.25;0.02522903;-4.62e-05
0;FEV1;29.5;0.025985505;-4.62e-05
0;FEV1;29.75;0.026706554;-4.62e-05
0;FEV1;30.0;0.027392585;-4.62e-05
0;FEV1;30.25;0.028043946;-4.6e-05
0;FEV1;30.5;0.028660753;-4.58e-05
0;FEV1;30.75;0.029243079;-4.56e-05
0;FEV1;31.0;0.029791006;-4.52e-05
0;FEV1;31.25;0.030304622;-4.49e-05
0;FEV1;31.5;0.030784004;-4.45e-05
0;FEV1;31.75;0.031229231;-4.4e-05
0;FEV1;32.0;0.031640395;-4.35e-05
0;FEV1;32.25;0.032017663;-4.3e-05
0;FEV1;32.5;0.032361468;-4.25e-05
0;FEV1;32.75;0.032672302;-4.19e-05
0;FEV1;33.0;0.032950648;-4.13e-05
0;FEV1;33.25;0.033196998;-4.06e-05
0;FEV1;33.5;0.033411906;-4e-05
0;FEV1;33.75;0.033595933;-3.93e-05
0;FEV1;34.0;0.033749628;-3.86e-05
0;FEV1;34.25;0.033873531;-3.79e-05
0;FEV1;34.5;0.033968193;-3.72e-05
0;FEV1;34.75;0.034034159;-3.64e-05
0;FEV1;35.0;0.03407196;-3.57e-05
0;FEV1;35.25;0.034082151;-3.49e-05
0;FEV1;35.5;0.034065411;-3.42e-05
0;FEV1;35.75;0.034022438;-3.34e-05
0;FEV1;36.0;0.033953907;-3.26e-05
0;FEV1;36.25;0.033860478;-3.18e-05
0;FEV1;36.5;0.033742805;-3.1e-05
0;FEV1;36.75;0.033601523;-3.03e-05
0;FEV1;37.0;0.03343725;-2.95e-05
0;FEV1;37.25;0.033250554;-2.87e-05
0;FEV1;37.5;0.033041848;-2.79e-05
0;FEV1;37.75;0.032811502;-2.7e-05
0;FEV1;38.0;0.032559878;-2.62e-05
0;FEV1;38.25;0.032287302;-2.54e-05
0;FEV1;38.5;0.031993969;-2.46e-05
0;FEV1;38.75;0.031680045;-2.38e-05
0;FEV1;39.0;0.031345697;-2.3e-05
0;FEV1;39.25;0.030991095;-2.22e-05
0;FEV1;39.5;0.030616433;-2.14e-05
0;FEV1;39.75;0.030221911;-2.05e-05
0;FEV1;40.0;0.029807726;-1.97e-05
0;FEV1;40.25;0.029374073;-1.89e-05
0;FEV1;40.5;0.028921147;-1.81e-05
0;FEV1;40.75;0.028449142;-1.73e-05
0;FEV1;41.0;0.027958251;-1.65e-05
0;FEV1;41.25;0.027448664;-1.56e-05
0;FEV1;41.5;0.026920584;-1.48e-05
0;FEV1;41.75;0.026374209;-1.4e-05
0;FEV1;42.0;0.02580974;-1.32e-05
0;FEV1;42.25;0.025227367;-1.24e-05
0;FEV1;42.5;0.024627268;-1.16e-05
0;FEV1;42.75;0.024009613;-1.08e-05
0;FEV1;43.0;0.023374572;-9.96e-06
0;FEV1;43.25;0.022722326;-9.15e-06
0;FEV1;43.5;0.02205311;-8.34e-06
0;FEV1;43.75;0.02136717;-7.53e-06
0;FEV1;44.0;0.020664747;-6.73e-06
0;FEV1;44.25;0.01994609;-5.93e-06
0;FEV1;44.5;0.019211503;-5.13e-06
0;FEV1;44.75;0.018461297;-4.33e-06
0;FEV1;45.0;0.017695775;-3.53e-06
0;FEV1;45.25;0.016915233;-2.74e-06
0;FEV1;45.5;0.016119945;-1.94e-06
0;FEV1;45.75;0.01531018;-1.15e-06
0;FEV1;46.0;0.0144862;-3.69e-07
0;FEV1;46.25;0.013648262;4.14e-07
0;FEV1;46.5;0.012796623;1.19e-06
0;FEV1;46.75;0.011931534;1.97e-06
0;FEV1;47.0;0.011053241;2.74e-06
0;FEV1;47.25;0.010161985;3.51e-06
0;FEV1;47.5;0.009258;4.28e-06
0;FEV1;47.75;0.008341514;5.04e-06
0;FEV1;48.0;0.007412751;5.79e-06
0;FEV1;48.25;0.006471932;6.55e-06
0;FEV1;48.5;0.005519281;7.3e-06
0;FEV1;48.75;0.00455502;8.04e-06
0;FEV1;49.0;0.003579366;8.78e-06
0;FEV1;49.25;0.002592525;9.52e-06
0;FEV1;49.5;0.001594671;1.03e-05
0;FEV1;49.75;0.000585973;1.1e-05
0;FEV1;50.0;-0.000433408;1.17e-05
0;FEV1;50.25;-0.001463281;1.24e-05
0;FEV1;50.5;-0.002503346;1.32e-05
0;FEV1;50.75;-0.003553281;1.39e-05
0;FEV1;51.0;-0.00461277;1.46e-05
0;FEV1;51.25;-0.005681473;1.53e-05
0;FEV1;51.5;-0.006758926;1.6e-05
0;FEV1;51.75;-0.007844647;1.67e-05
0;FEV1;52.0;-0.008938163;1.74e-05
0;FEV1;52.25;-0.010039022;1.81e-05
0;FEV1;52.5;-0.01114681;1.87e-05
0;FEV1;52.75;-0.012261132;1.94e-05
0;FEV1;53.0;-0.013381602;2.01e-05
0;FEV1;53.25;-0.01450784;2.08e-05
0;FEV1;53.5;-0.015639463;2.14e-05
0;FEV1;53.75;-0.016776097;2.21e-05
0;FEV1;54.0;-0.017917373;2.28e-05
0;FEV1;54.25;-0.019062944;2.34e-05
0;FEV1;54.5;-0.020212497;2.41e-05
0;FEV1;54.75;-0.021365738;2.47e-05
0;FEV1;55.0;-0.022522377;2.54e-05
0;FEV1;55.25;-0.023682139;2.6e-05
0;FEV1;55.5;-0.024844779;2.66e-05
0;FEV1;55.75;-0.02601006;2.73e-05
0;FEV1;56.0;-0.027177754;2.79e-05
0;FEV1;56.25;-0.028347638;2.85e-05
0;FEV1;56.5;-0.029519487;2.92e-05
0;FEV1;56.75;-0.030693081;2.98e-05
0;FEV1;57.0;-0.031868206;3.04e-05
0;FEV1;57.25;-0.033044655;3.1e-05
0;FEV1;57.5;-0.034222225;3.16e-05
0;FEV1;57.75;-0.035400721;3.22e-05
0;FEV1;58.0;-0.036579951;3.28e-05
0;FEV1;58.25;-0.037759728;3.34e-05
0;FEV1;58.5;-0.038939868;3.4e-05
0;FEV1;58.75;-0.040120188;3.46e-05
0;FEV1;59.0;-0.041300512;3.52e-05
0;FEV1;59.25;-0.042480666;3.58e-05
0;FEV1;59.5;-0.043660476;3.64e-05
0;FEV1;59.75;-0.044839769;3.7e-05
0;FEV1;60.0;-0.046018379;3.76e-05
0;FEV1;60.25;-0.047196142;3.82e-05
0;FEV1;60.5;-0.048372899;3.87e-05
0;FEV1;60.75;-0.049548497;3.93e-05
0;FEV1;61.0;-0.050722783;3.99e-05
0;FEV1;61.25;-0.051895612;4.05e-05
0;FEV1;61.5;-0.053066842;4.1e-05
0;FEV1;61.75;-0.054236334;4.16e-05
0;FEV1;62.0;-0.055403954;4.22e-05
0;FEV1;62.25;-0.056569569;4.27e-05
0;FEV1;62.5;-0.057733045;4.33e-05
0;FEV1;62.75;-0.058894251;4.39e-05
0;FEV1;63.0;-0.060053057;4.44e-05
0;FEV1;63.25;-0.061209347;4.5e-05
0;FEV1;63.5;-0.062363043;4.55e-05
0;FEV1;63.75;-0.063514075;4.61e-05
0;FEV1;64.0;-0.064662378;4.66e-05
0;FEV1;64.25;-0.065807889;4.72e-05
0;FEV1;64.5;-0.066950559;4.77e-05
0;FEV1;64.75;-0.06809034;4.82e-05
0;FEV1;65.0;-0.069227188;4.88e-05
0;FEV1;65.25;-0.070361058;4.93e-05
0;FEV1;65.5;-0.071491905;4.99e-05
0;FEV1;65.75;-0.072619683;5.04e-05
0;FEV1;66.0;-0.073744347;5.09e-05
0;FEV1;66.25;-0.074865856;5.15e-05
0;FEV1;66.5;-0.07598417;5.2e-05
0;FEV1;66.75;-0.077099252;5.25e-05
0;FEV1;67.0;-0.078211063;5.3e-05
0;FEV1;67.25;-0.079319569;5.36e-05
0;FEV1;67.5;-0.080424727;5.41e-05
0;FEV1;67.75;-0.0815265;5.46e-05
0;FEV1;68.0;-0.082624847;5.51e-05
0;FEV1;68.25;-0.083719738;5.56e-05
0;FEV1;68.5;-0.084811177;5.61e-05
0;FEV1;68.75;-0.085899173;5.66e-05
0;FEV1;69.0;-0.086983737;5.72e-05
0;FEV1;69.25;-0.088064881;5.77e-05
0;FEV1;69.5;-0.089142614;5.82e-05
0;FEV1;69.75;-0.090216947;5.87e-05
0;FEV1;70.0;-0.091287892;5.92e-05
0;FEV1;70.25;-0.092355459;5.97e-05
0;FEV1;70.5;-0.093419661;6.02e-05
0;FEV1;70.75;-0.094480513;6.07e-05
0;FEV1;71.0;-0.095538029;6.12e-05
0;FEV1;71.25;-0.096592222;6.16e-05
0;FEV1;71.5;-0.097643105;6.21e-05
0;FEV1;71.75;-0.098690689;6.26e-05
0;FEV1;72.0;-0.099734987;6.31e-05
0;FEV1;72.25;-0.100776009;6.36e-05
0;FEV1;72.5;-0.101813771;6.41e-05
0;FEV1;72.75;-0.102848285;6.46e-05
0;FEV1;73.0;-0.103879565;6.5e-05
0;FEV1;73.25;-0.104907624;6.55e-05
0;FEV1;73.5;-0.10593247;6.6e-05
0;FEV1;73.75;-0.106954111;6.65e-05
0;FEV1;74.0;-0.107972555;6.69e-05
0;FEV1;74.25;-0.108987814;6.74e-05
0;FEV1;74.5;-0.109999905;6.79e-05
0;FEV1;74.75;-0.111008849;6.83e-05
0;FEV1;75.0;-0.112014668;6.88e-05
0;FEV1;75.25;-0.113017378;6.93e-05
0;FEV1;75.5;-0.114016982;6.97e-05
0;FEV1;75.75;-0.115013479;7.02e-05
0;FEV1;76.0;-0.11600687;7.06e-05
0;FEV1;76.25;-0.116997155;7.11e-05
0;FEV1;76.5;-0.117984333;7.16e-05
0;FEV1;76.75;-0.118968406;7.2e-05
0;FEV1;77.0;-0.119949373;7.25e-05
0;FEV1;77.25;-0.120927236;7.29e-05
0;FEV1;77.5;-0.121901996;7.34e-05
0;FEV1;77.75;-0.122873654;7.38e-05
0;FEV1;78.0;-0.123842211;7.43e-05
0;FVC;18.0;-0.069383818;1.85e-05
0;FVC;18.25;-0.065342827;1.6e-05
0;FVC;18.5;-0.061362736;1.35e-05
0;FVC;18.75;-0.05744754;1.11e-05
0;FVC;19.0;-0.05360085;8.77e-06
0;FVC;19.25;-0.049825947;6.5e-06
0;FVC;19.5;-0.046125854;4.31e-06
0;FVC;19.75;-0.042503306;2.21e-06
0;FVC;20.0;-0.038960759;2.13e-07
0;FVC;20.25;-0.035500685;-1.68e-06
0;FVC;20.5;-0.03212639;-3.46e-06
0;FVC;20.75;-0.02884113;-5.12e-06
0;FVC;21.0;-0.025647844;-6.65e-06
0;FVC;21.25;-0.022549404;-8.06e-06
0;FVC;21.5;-0.019549261;-9.35e-06
0;FVC;21.75;-0.016650754;-1.05e-05
0;FVC;22.0;-0.013856909;-1.15e-05
0;FVC;22.25;-0.011169957;-1.24e-05
0;FVC;22.5;-0.008589901;-1.32e-05
0;FVC;22.75;-0.006116169;-1.39e-05
0;FVC;23.0;-0.00374814;-1.44e-05
0;FVC;23.25;-0.001485019;-1.48e-05
0;FVC;23.5;0.000674538;-1.51e-05
0;FVC;23.75;0.002731997;-1.54e-05
0;FVC;24.0;0.004688808;-1.55e-05
0;FVC;24.25;0.006546799;-1.55e-05
0;FVC;24.5;0.008309299;-1.54e-05
0;FVC;24.75;0.009979886;-1.52e-05
0;FVC;25.0;0.011561988;-1.5e-05
0;FVC;25.25;0.013058917;-1.46e-05
0;FVC;25.5;0.014473941;-1.42e-05
0;FVC;25.75;0.01581022;-1.37e-05
0;FVC;26.0;0.017070779;-1.32e-05
0;FVC;26.25;0.018258689;-1.26e-05
0;FVC;26.5;0.019377536;-1.19e-05
0;FVC;26.75;0.020430913;-1.12e-05
0;FVC;27.0;0.021422252;-1.04e-05
0;FVC;27.25;0.022354794;-9.62e-06
0;FVC;27.5;0.023231485;-8.79e-06
0;FVC;27.75;0.024055105;-7.93e-06
0;FVC;28.0;0.024828315;-7.04e-06
0;FVC;28.25;0.025553604;-6.14e-06
0;FVC;28.5;0.026233106;-5.21e-06
0;FVC;28.75;0.026868808;-4.28e-06
0;FVC;29.0;0.027462618;-3.34e-06
0;FVC;29.25;0.028016365;-2.4e-06
0;FVC;29.5;0.028531793;-1.47e-06
0;FVC;29.75;0.029010576;-5.35e-07
0;FVC;30.0;0.029454322;3.87e-07
0;FVC;30.25;0.029864377;1.3e-06
0;FVC;30.5;0.030241266;2.19e-06
0;FVC;30.75;0.030585307;3.07e-06
0;FVC;31.0;0.03089682;3.92e-06
0;FVC;31.25;0.031176139;4.76e-06
0;FVC;31.5;0.031423656;5.57e-06
0;FVC;31.75;0.03163977;6.36e-06
0;FVC;32.0;0.03182488;7.12e-06
0;FVC;32.25;0.031979328;7.85e-06
0;FVC;32.5;0.032103277;8.55e-06
0;FVC;32.75;0.032196847;9.22e-06
0;FVC;33.0;0.032260169;9.86e-06
0;FVC;33.25;0.032293354;1.05e-05
0;FVC;33.5;0.032296447;1.1e-05
0;FVC;33.75;0.032269477;1.16e-05
0;FVC;34.0;0.032212486;1.21e-05
0;FVC;34.25;0.032125553;1.26e-05
0;FVC;34.5;0.032008872;1.3e-05
0;FVC;34.75;0.031862665;1.34e-05
0;FVC;35.0;0.031687156;1.38e-05
0;FVC;35.25;0.03148266;1.41e-05
0;FVC;35.5;0.031249837;1.44e-05
0;FVC;35.75;0.030989419;1.47e-05
0;FVC;36.0;0.030702116;1.5e-05
0;FVC;36.25;0.030388598;1.52e-05
0;FVC;36.5;0.030049437;1.54e-05
0;FVC;36.75;0.029685168;1.55e-05
0;FVC;37.0;0.029296315;1.57e-05
0;FVC;37.25;0.028883435;1.58e-05
0;FVC;37.5;0.028447259;1.58e-05
0;FVC;37.75;0.027988539;1.59e-05
0;FVC;38.0;0.027508009;1.59e-05
0;FVC;38.25;0.027006417;1.59e-05
0;FVC;38.5;0.026484641;1.59e-05
0;FVC;38.75;0.025943571;1.59e-05
0;FVC;39.0;0.025384067;1.58e-05
0;FVC;39.25;0.02480695;1.58e-05
0;FVC;39.5;0.024212962;1.57e-05
0;FVC;39.75;0.02360281;1.56e-05
0;FVC;40.0;0.022977176;1.54e-05
0;FVC;40.25;0.022336756;1.53e-05
0;FVC;40.5;0.021682343;1.51e-05
0;FVC;40.75;0.021014735;1.5e-05
0;FVC;41.0;0.020334705;1.48e-05
0;FVC;41.25;0.019643013;1.46e-05
0;FVC;41.5;0.018940446;1.44e-05
0;FVC;41.75;0.018227777;1.42e-05
0;FVC;42.0;0.017505755;1.4e-05
0;FVC;42.25;0.016775109;1.37e-05
0;FVC;42.5;0.016036573;1.35e-05
0;FVC;42.75;0.015290862;1.32e-05
0;FVC;43.0;0.014538669;1.29e-05
0;FVC;43.25;0.013780621;1.27e-05
0;FVC;43.5;0.013017154;1.24e-05
0;FVC;43.75;0.012248648;1.21e-05
0;FVC;44.0;0.011475471;1.18e-05
0;FVC;44.25;0.010697935;1.14e-05
0;FVC;44.5;0.009916157;1.11e-05
0;FVC;44.75;0.009130207;1.08e-05
0;FVC;45.0;0.008340153;1.05e-05
0;FVC;45.25;0.007546074;1.01e-05
0;FVC;45.5;0.006748089;9.76e-06
0;FVC;45.75;0.005946327;9.4e-06
0;FVC;46.0;0.005140912;9.03e-06
0;FVC;46.25;0.004331957;8.66e-06
0;FVC;46.5;0.003519537;8.28e-06
0;FVC;46.75;0.00270372;7.89e-06
0;FVC;47.0;0.001884569;7.5e-06
0;FVC;47.25;0.001062087;7.1e-06
0;FVC;47.5;0.000236034;6.69e-06
0;FVC;47.75;-0.000593881;6.28e-06
0;FVC;48.0;-0.00142794;5.86e-06
0;FVC;48.25;-0.002266407;5.44e-06
0;FVC;48.5;-0.00310951;5.01e-06
0;FVC;48.75;-0.003957465;4.58e-06
0;FVC;49.0;-0.004810477;4.15e-06
0;FVC;49.25;-0.005668756;3.7e-06
0;FVC;49.5;-0.00653255;3.26e-06
0;FVC;49.75;-0.007402107;2.81e-06
0;FVC;50.0;-0.008277669;2.36e-06
0;FVC;50.25;-0.009159424;1.9e-06
0;FVC;50.5;-0.010047374;1.44e-06
0;FVC;50.75;-0.010941478;9.78e-07
0;FVC;51.0;-0.011841694;5.12e-07
0;FVC;51.25;-0.01274793;4.34e-08
0;FVC;51.5;-0.013659897;-4.28e-07
0;FVC;51.75;-0.014577263;-9.02e-07
0;FVC;52.0;-0.015499705;-1.38e-06
0;FVC;52.25;-0.016426918;-1.86e-06
0;FVC;52.5;-0.017358643;-2.34e-06
0;FVC;52.75;-0.018294639;-2.82e-06
0;FVC;53.0;-0.019234669;-3.3e-06
0;FVC;53.25;-0.0201785;-3.79e-06
0;FVC;53.5;-0.0211259;-4.28e-06
0;FVC;53.75;-0.022076637;-4.76e-06
0;FVC;54.0;-0.023030488;-5.25e-06
0;FVC;54.25;-0.023987232;-5.74e-06
0;FVC;54.5;-0.024946642;-6.24e-06
0;FVC;54.75;-0.025908494;-6.73e-06
0;FVC;55.0;-0.02687257;-7.22e-06
0;FVC;55.25;-0.027838655;-7.71e-06
0;FVC;55.5;-0.028806527;-8.21e-06
0;FVC;55.75;-0.029775967;-8.7e-06
0;FVC;56.0;-0.030746762;-9.19e-06
0;FVC;56.25;-0.031718704;-9.69e-06
0;FVC;56.5;-0.032691592;-1.02e-05
0;FVC;56.75;-0.033665232;-1.07e-05
0;FVC;57.0;-0.034639434;-1.12e-05
0;FVC;57.25;-0.035614013;-1.17e-05
0;FVC;57.5;-0.036588791;-1.22e-05
0;FVC;57.75;-0.037563594;-1.26e-05
0;FVC;58.0;-0.038538254;-1.31e-05
0;FVC;58.25;-0.039512603;-1.36e-05
0;FVC;58.5;-0.04048647;-1.41e-05
0;FVC;58.75;-0.041459682;-1.46e-05
0;FVC;59.0;-0.042432074;-1.51e-05
0;FVC;59.25;-0.043403478;-1.56e-05
0;FVC;59.5;-0.044373708;-1.61e-05
0;FVC;59.75;-0.045342577;-1.65e-05
0;FVC;60.0;-0.046309902;-1.7e-05
0;FVC;60.25;-0.047275506;-1.75e-05
0;FVC;60.5;-0.048239221;-1.8e-05
0;FVC;60.75;-0.04920088;-1.85e-05
0;FVC;61.0;-0.050160325;-1.89e-05
0;FVC;61.25;-0.0511174;-1.94e-05
0;FVC;61.5;-0.052071953;-1.99e-05
0;FVC;61.75;-0.05302384;-2.04e-05
0;FVC;62.0;-0.053972917;-2.08e-05
0;FVC;62.25;-0.054919045;-2.13e-05
0;FVC;62.5;-0.055862076;-2.18e-05
0;FVC;62.75;-0.056801868;-2.22e-05
0;FVC;63.0;-0.057738279;-2.27e-05
0;FVC;63.25;-0.058671188;-2.31e-05
0;FVC;63.5;-0.059600541;-2.36e-05
0;FVC;63.75;-0.060526302;-2.4e-05
0;FVC;64.0;-0.061448434;-2.45e-05
0;FVC;64.25;-0.062366909;-2.49e-05
0;FVC;64.5;-0.063281715;-2.54e-05
0;FVC;64.75;-0.064192848;-2.58e-05
0;FVC;65.0;-0.065100304;-2.63e-05
0;FVC;65.25;-0.066004077;-2.67e-05
0;FVC;65.5;-0.066904157;-2.72e-05
0;FVC;65.75;-0.067800534;-2.76e-05
0;FVC;66.0;-0.068693198;-2.8e-05
0;FVC;66.25;-0.069582141;-2.85e-05
0;FVC;66.5;-0.070467356;-2.89e-05
0;FVC;66.75;-0.071348839;-2.93e-05
0;FVC;67.0;-0.072226587;-2.97e-05
0;FVC;67.25;-0.073100594;-3.02e-05
0;FVC;67.5;-0.07397085;-3.06e-05
0;FVC;67.75;-0.074837343;-3.1e-05
0;FVC;68.0;-0.075700063;-3.14e-05
0;FVC;68.25;-0.076559009;-3.18e-05
0;FVC;68.5;-0.077414223;-3.23e-05
0;FVC;68.75;-0.078265759;-3.27e-05
0;FVC;69.0;-0.079113666;-3.31e-05
0;FVC;69.25;-0.079957996;-3.35e-05
0;FVC;69.5;-0.080798797;-3.39e-05
0;FVC;69.75;-0.081636119;-3.43e-05
0;FVC;70.0;-0.082470011;-3.47e-05
0;FVC;70.25;-0.083300518;-3.51e-05
0;FVC;70.5;-0.084127693;-3.55e-05
0;FVC;70.75;-0.084951585;-3.59e-05
0;FVC;71.0;-0.085772244;-3.63e-05
0;FVC;71.25;-0.086589717;-3.67e-05
0;FVC;71.5;-0.087404049;-3.71e-05
0;FVC;71.75;-0.088215286;-3.75e-05
0;FVC;72.0;-0.089023471;-3.79e-05
0;FVC;72.25;-0.089828648;-3.83e-05
0;FVC;72.5;-0.09063086;-3.87e-05
0;FVC;72.75;-0.091430153;-3.91e-05
0;FVC;73.0;-0.09222657;-3.95e-05
0;FVC;73.25;-0.093020152;-3.99e-05
0;FVC;73.5;-0.093810932;-4.03e-05
0;FVC;73.75;-0.094598941;-4.06e-05
0;FVC;74.0;-0.095384209;-4.1e-05
0;FVC;74.25;-0.096166766;-4.14e-05
0;FVC;74.5;-0.096946631;-4.18e-05
0;FVC;74.75;-0.097723825;-4.22e-05
0;FVC;75.0;-0.098498365;-4.26e-05
0;FVC;75.25;-0.099270273;-4.29e-05
0;FVC;75.5;-0.100039568;-4.33e-05
0;FVC;75.75;-0.100806275;-4.37e-05
0;FVC;76.0;-0.101570413;-4.41e-05
0;FVC;76.25;-0.102332006;-4.44e-05
0;FVC;76.5;-0.103091075;-4.48e-05
0;FVC;76.75;-0.103847639;-4.52e-05
0;FVC;77.0;-0.104601722;-4.56e-05
0;FVC;77.25;-0.105353342;-4.59e-05
0;FVC;77.5;-0.106102521;-4.63e-05
0;FVC;77.75;-0.106849278;-4.67e-05
0;FVC;78.0;-0.107593633;-4.7e-05
0;FEF75;18.0;-0.000530734;-0.000104443
0;FEF75;18.25;-0.000517294;-9.94e-05
0;FEF75;18.5;-0.000504037;-9.44e-05
0;FEF75;18.75;-0.000490959;-8.95e-05
0;FEF75;19.0;-0.000478055;-8.46e-05
0;FEF75;19.25;-0.000465319;-7.99e-05
0;FEF75;19.5;-0.000452748;-7.52e-05
0;FEF75;19.75;-0.000440335;-7.06e-05
0;FEF75;20.0;-0.000428075;-6.6e-05
0;FEF75;20.25;-0.000415964;-6.16e-05
0;FEF75;20.5;-0.000403999;-5.72e-05
0;FEF75;20.75;-0.000392175;-5.28e-05
0;FEF75;21.0;-0.00038049;-4.86e-05
0;FEF75;21.25;-0.000368941;-4.44e-05
0;FEF75;21.5;-0.000357525;-4.03e-05
0;FEF75;21.75;-0.000346241;-3.62e-05
0;FEF75;22.0;-0.000335086;-3.22e-05
0;FEF75;22.25;-0.00032406;-2.83e-05
0;FEF75;22.5;-0.000313163;-2.45e-05
0;FEF75;22.75;-0.000302396;-2.07e-05
0;FEF75;23.0;-0.000291759;-1.7e-05
0;FEF75;23.25;-0.000281254;-1.34e-05
0;FEF75;23.5;-0.00027088;-9.8e-06
0;FEF75;23.75;-0.00026064;-6.34e-06
0;FEF75;24.0;-0.000250535;-2.95e-06
0;FEF75;24.25;-0.000240564;3.44e-07
0;FEF75;24.5;-0.00023073;3.55e-06
0;FEF75;24.75;-0.000221034;6.67e-06
0;FEF75;25.0;-0.000211479;9.69e-06
0;FEF75;25.25;-0.000202064;1.26e-05
0;FEF75;25.5;-0.000192791;1.55e-05
0;FEF75;25.75;-0.000183662;1.82e-05
0;FEF75;26.0;-0.000174677;2.08e-05
0;FEF75;26.25;-0.000165837;2.33e-05
0;FEF75;26.5;-0.000157143;2.58e-05
0;FEF75;26.75;-0.000148596;2.81e-05
0;FEF75;27.0;-0.000140197;3.03e-05
0;FEF75;27.25;-0.000131948;3.25e-05
0;FEF75;27.5;-0.000123848;3.45e-05
0;FEF75;27.75;-0.000115898;3.64e-05
0;FEF75;28.0;-0.000108099;3.82e-05
0;FEF75;28.25;-0.000100451;4e-05
0;FEF75;28.5;-9.3e-05;4.16e-05
0;FEF75;28.75;-8.56e-05;4.32e-05
0;FEF75;29.0;-7.84e-05;4.46e-05
0;FEF75;29.25;-7.14e-05;4.6e-05
0;FEF75;29.5;-6.45e-05;4.73e-05
0;FEF75;29.75;-5.78e-05;4.85e-05
0;FEF75;30.0;-5.12e-05;4.96e-05
0;FEF75;30.25;-4.48e-05;5.06e-05
0;FEF75;30.5;-3.85e-05;5.15e-05
0;FEF75;30.75;-3.24e-05;5.24e-05
0;FEF75;31.0;-2.65e-05;5.32e-05
0;FEF75;31.25;-2.06e-05;5.39e-05
0;FEF75;31.5;-1.5e-05;5.45e-05
0;FEF75;31.75;-9.48e-06;5.51e-05
0;FEF75;32.0;-4.12e-06;5.56e-05
0;FEF75;32.25;1.09e-06;5.6e-05
0;FEF75;32.5;6.16e-06;5.64e-05
0;FEF75;32.75;1.11e-05;5.67e-05
0;FEF75;33.0;1.59e-05;5.69e-05
0;FEF75;33.25;2.05e-05;5.71e-05
0;FEF75;33.5;2.5e-05;5.72e-05
0;FEF75;33.75;2.94e-05;5.72e-05
0;FEF75;34.0;3.36e-05;5.72e-05
0;FEF75;34.25;3.77e-05;5.72e-05
0;FEF75;34.5;4.17e-05;5.7e-05
0;FEF75;34.75;4.55e-05;5.69e-05
0;FEF75;35.0;4.93e-05;5.66e-05
0;FEF75;35.25;5.28e-05;5.64e-05
0;FEF75;35.5;5.63e-05;5.6e-05
0;FEF75;35.75;5.96e-05;5.57e-05
0;FEF75;36.0;6.29e-05;5.52e-05
0;FEF75;36.25;6.6e-05;5.48e-05
0;FEF75;36.5;6.89e-05;5.43e-05
0;FEF75;36.75;7.18e-05;5.37e-05
0;FEF75;37.0;7.45e-05;5.32e-05
0;FEF75;37.25;7.72e-05;5.25e-05
0;FEF75;37.5;7.97e-05;5.19e-05
0;FEF75;37.75;8.21e-05;5.12e-05
0;FEF75;38.0;8.44e-05;5.05e-05
0;FEF75;38.25;8.66e-05;4.97e-05
0;FEF75;38.5;8.87e-05;4.89e-05
0;FEF75;38.75;9.07e-05;4.81e-05
0;FEF75;39.0;9.25e-05;4.72e-05
0;FEF75;39.25;9.43e-05;4.64e-05
0;FEF75;39.5;9.6e-05;4.54e-05
0;FEF75;39.75;9.75e-05;4.45e-05
0;FEF75;40.0;9.9e-05;4.35e-05
0;FEF75;40.25;0.000100342;4.25e-05
0;FEF75;40.5;0.000101605;4.15e-05
0;FEF75;40.75;0.00010277;4.05e-05
0;FEF75;41.0;0.00010384;3.94e-05
0;FEF75;41.25;0.000104815;3.83e-05
0;FEF75;41.5;0.000105696;3.72e-05
0;FEF75;41.75;0.000106485;3.61e-05
0;FEF75;42.0;0.000107184;3.49e-05
0;FEF75;42.25;0.000107793;3.38e-05
0;FEF75;42.5;0.000108314;3.26e-05
0;FEF75;42.75;0.000108748;3.13e-05
0;FEF75;43.0;0.000109096;3.01e-05
0;FEF75;43.25;0.000109359;2.89e-05
0;FEF75;43.5;0.000109539;2.76e-05
0;FEF75;43.75;0.000109638;2.63e-05
0;FEF75;44.0;0.000109657;2.5e-05
0;FEF75;44.25;0.000109598;2.37e-05
0;FEF75;44.5;0.000109462;2.24e-05
0;FEF75;44.75;0.000109254;2.1e-05
0;FEF75;45.0;0.000108973;1.97e-05
0;FEF75;45.25;0.000108623;1.83e-05
0;FEF75;45.5;0.000108205;1.69e-05
0;FEF75;45.75;0.000107722;1.56e-05
0;FEF75;46.0;0.000107174;1.42e-05
0;FEF75;46.25;0.000106564;1.28e-05
0;FEF75;46.5;0.000105894;1.14e-05
0;FEF75;46.75;0.000105165;9.94e-06
0;FEF75;47.0;0.000104378;8.52e-06
0;FEF75;47.25;0.000103537;7.09e-06
0;FEF75;47.5;0.000102641;5.65e-06
0;FEF75;47.75;0.000101695;4.21e-06
0;FEF75;48.0;0.000100698;2.77e-06
0;FEF75;48.25;9.97e-05;1.32e-06
0;FEF75;48.5;9.86e-05;-1.3e-07
0;FEF75;48.75;9.74e-05;-1.58e-06
0;FEF75;49.0;9.63e-05;-3.04e-06
0;FEF75;49.25;9.5e-05;-4.5e-06
0;FEF75;49.5;9.38e-05;-5.96e-06
0;FEF75;49.75;9.25e-05;-7.42e-06
0;FEF75;50.0;9.11e-05;-8.88e-06
0;FEF75;50.25;8.98e-05;-1.03e-05
0;FEF75;50.5;8.84e-05;-1.18e-05
0;FEF75;50.75;8.69e-05;-1.33e-05
0;FEF75;51.0;8.55e-05;-1.47e-05
0;FEF75;51.25;8.4e-05;-1.62e-05
0;FEF75;51.5;8.25e-05;-1.77e-05
0;FEF75;51.75;8.09e-05;-1.91e-05
0;FEF75;52.0;7.94e-05;-2.06e-05
0;FEF75;52.25;7.78e-05;-2.2e-05
0;FEF75;52.5;7.61e-05;-2.35e-05
0;FEF75;52.75;7.45e-05;-2.49e-05
0;FEF75;53.0;7.28e-05;-2.64e-05
0;FEF75;53.25;7.12e-05;-2.78e-05
0;FEF75;53.5;6.95e-05;-2.93e-05
0;FEF75;53.75;6.78e-05;-3.07e-05
0;FEF75;54.0;6.6e-05;-3.21e-05
0;FEF75;54.25;6.43e-05;-3.36e-05
0;FEF75;54.5;6.25e-05;-3.5e-05
0;FEF75;54.75;6.08e-05;-3.64e-05
0;FEF75;55.0;5.9e-05;-3.78e-05
0;FEF75;55.25;5.72e-05;-3.93e-05
0;FEF75;55.5;5.54e-05;-4.07e-05
0;FEF75;55.75;5.36e-05;-4.21e-05
0;FEF75;56.0;5.18e-05;-4.35e-05
0;FEF75;56.25;4.99e-05;-4.49e-05
0;FEF75;56.5;4.81e-05;-4.63e-05
0;FEF75;56.75;4.63e-05;-4.77e-05
0;FEF75;57.0;4.44e-05;-4.9e-05
0;FEF75;57.25;4.26e-05;-5.04e-05
0;FEF75;57.5;4.07e-05;-5.18e-05
0;FEF75;57.75;3.89e-05;-5.31e-05
0;FEF75;58.0;3.7e-05;-5.45e-05
0;FEF75;58.25;3.52e-05;-5.59e-05
0;FEF75;58.5;3.33e-05;-5.72e-05
0;FEF75;58.75;3.14e-05;-5.85e-05
0;FEF75;59.0;2.95e-05;-5.99e-05
0;FEF75;59.25;2.77e-05;-6.12e-05
0;FEF75;59.5;2.58e-05;-6.25e-05
0;FEF75;59.75;2.39e-05;-6.39e-05
0;FEF75;60.0;2.21e-05;-6.52e-05
0;FEF75;60.25;2.02e-05;-6.65e-05
0;FEF75;60.5;1.83e-05;-6.78e-05
0;FEF75;60.75;1.65e-05;-6.91e-05
0;FEF75;61.0;1.46e-05;-7.03e-05
0;FEF75;61.25;1.27e-05;-7.16e-05
0;FEF75;61.5;1.09e-05;-7.29e-05
0;FEF75;61.75;8.99e-06;-7.42e-05
0;FEF75;62.0;7.12e-06;-7.54e-05
0;FEF75;62.25;5.26e-06;-7.67e-05
0;FEF75;62.5;3.4e-06;-7.79e-05
0;FEF75;62.75;1.54e-06;-7.92e-05
0;FEF75;63.0;-3.11e-07;-8.04e-05
0;FEF75;63.25;-2.16e-06;-8.17e-05
0;FEF75;63.5;-4.01e-06;-8.29e-05
0;FEF75;63.75;-5.86e-06;-8.41e-05
0;FEF75;64.0;-7.7e-06;-8.53e-05
0;FEF75;64.25;-9.55e-06;-8.65e-05
0;FEF75;64.5;-1.14e-05;-8.77e-05
0;FEF75;64.75;-1.32e-05;-8.89e-05
0;FEF75;65.0;-1.51e-05;-9.01e-05
0;FEF75;65.25;-1.69e-05;-9.13e-05
0;FEF75;65.5;-1.87e-05;-9.25e-05
0;FEF75;65.75;-2.05e-05;-9.36e-05
0;FEF75;66.0;-2.23e-05;-9.48e-05
0;FEF75;66.25;-2.42e-05;-9.6e-05
0;FEF75;66.5;-2.6e-05;-9.71e-05
0;FEF75;66.75;-2.78e-05;-9.83e-05
0;FEF75;67.0;-2.96e-05;-9.94e-05
0;FEF75;67.25;-3.14e-05;-0.000100534
0;FEF75;67.5;-3.32e-05;-0.000101666
0;FEF75;67.75;-3.5e-05;-0.000102792
0;FEF75;68.0;-3.67e-05;-0.000103913
0;FEF75;68.25;-3.85e-05;-0.000105028
0;FEF75;68.5;-4.03e-05;-0.000106138
0;FEF75;68.75;-4.21e-05;-0.000107243
0;FEF75;69.0;-4.38e-05;-0.000108343
0;FEF75;69.25;-4.56e-05;-0.000109437
0;FEF75;69.5;-4.74e-05;-0.000110527
0;FEF75;69.75;-4.91e-05;-0.000111611
0;FEF75;70.0;-5.09e-05;-0.000112691
0;FEF75;70.25;-5.26e-05;-0.000113766
0;FEF75;70.5;-5.44e-05;-0.000114837
0;FEF75;70.75;-5.61e-05;-0.000115902
0;FEF75;71.0;-5.78e-05;-0.000116963
0;FEF75;71.25;-5.96e-05;-0.00011802
0;FEF75;71.5;-6.13e-05;-0.000119072
0;FEF75;71.75;-6.3e-05;-0.00012012
0;FEF75;72.0;-6.47e-05;-0.000121163
0;FEF75;72.25;-6.64e-05;-0.000122203
0;FEF75;72.5;-6.81e-05;-0.000123238
0;FEF75;72.75;-6.98e-05;-0.000124269
0;FEF75;73.0;-7.15e-05;-0.000125296
0;FEF75;73.25;-7.32e-05;-0.000126318
0;FEF75;73.5;-7.49e-05;-0.000127337
0;FEF75;73.75;-7.66e-05;-0.000128352
0;FEF75;74.0;-7.83e-05;-0.000129364
0;FEF75;74.25;-7.99e-05;-0.000130371
0;FEF75;74.5;-8.16e-05;-0.000131375
0;FEF75;74.75;-8.33e-05;-0.000132375
0;FEF75;75.0;-8.49e-05;-0.000133371
0;FEF75;75.25;-8.66e-05;-0.000134363
0;FEF75;75.5;-8.82e-05;-0.000135352
0;FEF75;75.75;-8.99e-05;-0.000136338
0;FEF75;76.0;-9.15e-05;-0.00013732
0;FEF75;76.25;-9.31e-05;-0.000138298
0;FEF75;76.5;-9.48e-05;-0.000139273
0;FEF75;76.75;-9.64e-05;-0.000140245
0;FEF75;77.0;-9.8e-05;-0.000141213
0;FEF75;77.25;-9.96e-05;-0.000142178
0;FEF75;77.5;-0.000101204;-0.00014314
0;FEF75;77.75;-0.000102804;-0.000144099
0;FEF75;78.0;-0.0001044;-0.000145054
0;FEF2575;18.0;-0.191643839;-3.37e-05
0;FEF2575;18.25;-0.183771232;-3.25e-05
0;FEF2575;18.5;-0.176012343;-3.12e-05
0;FEF2575;18.75;-0.168370401;-3e-05
0;FEF2575;19.0;-0.160848257;-2.88e-05
0;FEF2575;19.25;-0.153447503;-2.76e-05
0;FEF2575;19.5;-0.146165892;-2.63e-05
0;FEF2575;19.75;-0.139000346;-2.51e-05
0;FEF2575;20.0;-0.1319479;-2.39e-05
0;FEF2575;20.25;-0.125006129;-2.27e-05
0;FEF2575;20.5;-0.118174367;-2.15e-05
0;FEF2575;20.75;-0.111452308;-2.02e-05
0;FEF2575;21.0;-0.104839573;-1.9e-05
0;FEF2575;21.25;-0.098336149;-1.78e-05
0;FEF2575;21.5;-0.091943654;-1.65e-05
0;FEF2575;21.75;-0.085663926;-1.53e-05
0;FEF2575;22.0;-0.079498586;-1.4e-05
0;FEF2575;22.25;-0.073449282;-1.28e-05
0;FEF2575;22.5;-0.067518358;-1.15e-05
0;FEF2575;22.75;-0.061708136;-1.03e-05
0;FEF2575;23.0;-0.056020692;-9.07e-06
0;FEF2575;23.25;-0.050457934;-7.84e-06
0;FEF2575;23.5;-0.045021784;-6.63e-06
0;FEF2575;23.75;-0.039714003;-5.43e-06
0;FEF2575;24.0;-0.034536152;-4.25e-06
0;FEF2575;24.25;-0.029489316;-3.09e-06
0;FEF2575;24.5;-0.024573282;-1.94e-06
0;FEF2575;24.75;-0.019787479;-8.19e-07
0;FEF2575;25.0;-0.015131285;2.79e-07
0;FEF2575;25.25;-0.010603975;1.35e-06
0;FEF2575;25.5;-0.00620458;2.4e-06
0;FEF2575;25.75;-0.001932054;3.41e-06
0;FEF2575;26.0;0.002214668;4.4e-06
0;FEF2575;26.25;0.006236939;5.35e-06
0;FEF2575;26.5;0.010137192;6.27e-06
0;FEF2575;26.75;0.013918063;7.16e-06
0;FEF2575;27.0;0.01758211;8.01e-06
0;FEF2575;27.25;0.021131784;8.83e-06
0;FEF2575;27.5;0.024569324;9.62e-06
0;FEF2575;27.75;0.027896877;1.04e-05
0;FEF2575;28.0;0.031116534;1.11e-05
0;FEF2575;28.25;0.034230334;1.18e-05
0;FEF2575;28.5;0.037240261;1.24e-05
0;FEF2575;28.75;0.040148247;1.3e-05
0;FEF2575;29.0;0.04295618;1.36e-05
0;FEF2575;29.25;0.045665898;1.42e-05
0;FEF2575;29.5;0.048279193;1.47e-05
0;FEF2575;29.75;0.050797811;1.52e-05
0;FEF2575;30.0;0.053223458;1.57e-05
0;FEF2575;30.25;0.055557818;1.62e-05
0;FEF2575;30.5;0.057802612;1.66e-05
0;FEF2575;30.75;0.059959539;1.7e-05
0;FEF2575;31.0;0.062030251;1.74e-05
0;FEF2575;31.25;0.064016354;1.77e-05
0;FEF2575;31.5;0.065919372;1.81e-05
0;FEF2575;31.75;0.067740781;1.84e-05
0;FEF2575;32.0;0.069482026;1.87e-05
0;FEF2575;32.25;0.071144581;1.9e-05
0;FEF2575;32.5;0.072730146;1.92e-05
0;FEF2575;32.75;0.074240435;1.95e-05
0;FEF2575;33.0;0.075677118;1.97e-05
0;FEF2575;33.25;0.077041849;1.99e-05
0;FEF2575;33.5;0.078336369;2.01e-05
0;FEF2575;33.75;0.079562399;2.03e-05
0;FEF2575;34.0;0.080721612;2.04e-05
0;FEF2575;34.25;0.081815584;2.06e-05
0;FEF2575;34.5;0.082845656;2.07e-05
0;FEF2575;34.75;0.083813091;2.08e-05
0;FEF2575;35.0;0.084719117;2.09e-05
0;FEF2575;35.25;0.085564769;2.1e-05
0;FEF2575;35.5;0.086350403;2.11e-05
0;FEF2575;35.75;0.087076223;2.11e-05
0;FEF2575;36.0;0.08774244;2.11e-05
0;FEF2575;36.25;0.088349329;2.12e-05
0;FEF2575;36.5;0.088897359;2.12e-05
0;FEF2575;36.75;0.08938705;2.12e-05
0;FEF2575;37.0;0.089818916;2.12e-05
0;FEF2575;37.25;0.090193334;2.11e-05
0;FEF2575;37.5;0.090510135;2.11e-05
0;FEF2575;37.75;0.090769041;2.1e-05
0;FEF2575;38.0;0.0909698;2.1e-05
0;FEF2575;38.25;0.091112076;2.09e-05
0;FEF2575;38.5;0.091195102;2.08e-05
0;FEF2575;38.75;0.09121805;2.07e-05
0;FEF2575;39.0;0.091180138;2.05e-05
0;FEF2575;39.25;0.091080667;2.04e-05
0;FEF2575;39.5;0.090919125;2.03e-05
0;FEF2575;39.75;0.090695071;2.01e-05
0;FEF2575;40.0;0.090408099;1.99e-05
0;FEF2575;40.25;0.090057762;1.97e-05
0;FEF2575;40.5;0.089643373;1.95e-05
0;FEF2575;40.75;0.089164215;1.93e-05
0;FEF2575;41.0;0.088619618;1.91e-05
0;FEF2575;41.25;0.088008931;1.89e-05
0;FEF2575;41.5;0.087331463;1.86e-05
0;FEF2575;41.75;0.08658655;1.83e-05
0;FEF2575;42.0;0.085773564;1.8e-05
0;FEF2575;42.25;0.08489188;1.77e-05
0;FEF2575;42.5;0.083940757;1.74e-05
0;FEF2575;42.75;0.08291946;1.71e-05
0;FEF2575;43.0;0.081827296;1.68e-05
0;FEF2575;43.25;0.080663818;1.64e-05
0;FEF2575;43.5;0.079429419;1.6e-05
0;FEF2575;43.75;0.078124699;1.57e-05
0;FEF2575;44.0;0.076750251;1.53e-05
0;FEF2575;44.25;0.07530688;1.49e-05
0;FEF2575;44.5;0.073796227;1.44e-05
0;FEF2575;44.75;0.072220105;1.4e-05
0;FEF2575;45.0;0.07058028;1.35e-05
0;FEF2575;45.25;0.068878428;1.31e-05
0;FEF2575;45.5;0.067116007;1.26e-05
0;FEF2575;45.75;0.065294392;1.21e-05
0;FEF2575;46.0;0.063414931;1.16e-05
0;FEF2575;46.25;0.061478955;1.11e-05
0;FEF2575;46.5;0.05948784;1.05e-05
0;FEF2575;46.75;0.057442948;9.99e-06
0;FEF2575;47.0;0.055345609;9.43e-06
0;FEF2575;47.25;0.053197188;8.86e-06
0;FEF2575;47.5;0.050999283;8.27e-06
0;FEF2575;47.75;0.048753516;7.67e-06
0;FEF2575;48.0;0.046461469;7.06e-06
0;FEF2575;48.25;0.044124683;6.44e-06
0;FEF2575;48.5;0.041744649;5.81e-06
0;FEF2575;48.75;0.03932282;5.17e-06
0;FEF2575;49.0;0.036860611;4.52e-06
0;FEF2575;49.25;0.034359397;3.85e-06
0;FEF2575;49.5;0.0318205;3.18e-06
0;FEF2575;49.75;0.029245199;2.5e-06
0;FEF2575;50.0;0.026634747;1.81e-06
0;FEF2575;50.25;0.023990391;1.1e-06
0;FEF2575;50.5;0.02131346;3.93e-07
0;FEF2575;50.75;0.018605278;-3.27e-07
0;FEF2575;51.0;0.015867136;-1.05e-06
0;FEF2575;51.25;0.013100324;-1.79e-06
0;FEF2575;51.5;0.01030623;-2.53e-06
0;FEF2575;51.75;0.007486236;-3.29e-06
0;FEF2575;52.0;0.004641692;-4.04e-06
0;FEF2575;52.25;0.001773904;-4.81e-06
0;FEF2575;52.5;-0.001115878;-5.58e-06
0;FEF2575;52.75;-0.004026444;-6.36e-06
0;FEF2575;53.0;-0.006956614;-7.14e-06
0;FEF2575;53.25;-0.009905236;-7.93e-06
0;FEF2575;53.5;-0.012871179;-8.73e-06
0;FEF2575;53.75;-0.015853337;-9.53e-06
0;FEF2575;54.0;-0.018850633;-1.03e-05
0;FEF2575;54.25;-0.02186202;-1.11e-05
0;FEF2575;54.5;-0.024886484;-1.2e-05
0;FEF2575;54.75;-0.02792304;-1.28e-05
0;FEF2575;55.0;-0.030970728;-1.36e-05
0;FEF2575;55.25;-0.034028611;-1.44e-05
0;FEF2575;55.5;-0.037095781;-1.52e-05
0;FEF2575;55.75;-0.04017135;-1.61e-05
0;FEF2575;56.0;-0.043254457;-1.69e-05
0;FEF2575;56.25;-0.046344259;-1.77e-05
0;FEF2575;56.5;-0.049439942;-1.86e-05
0;FEF2575;56.75;-0.052540714;-1.94e-05
0;FEF2575;57.0;-0.0556458;-2.03e-05
0;FEF2575;57.25;-0.058754442;-2.11e-05
0;FEF2575;57.5;-0.061865877;-2.2e-05
0;FEF2575;57.75;-0.064979357;-2.28e-05
0;FEF2575;58.0;-0.068094152;-2.36e-05
0;FEF2575;58.25;-0.071209573;-2.45e-05
0;FEF2575;58.5;-0.074325034;-2.53e-05
0;FEF2575;58.75;-0.07743999;-2.62e-05
0;FEF2575;59.0;-0.080553905;-2.7e-05
0;FEF2575;59.25;-0.083666311;-2.79e-05
0;FEF2575;59.5;-0.086776952;-2.87e-05
0;FEF2575;59.75;-0.089885628;-2.96e-05
0;FEF2575;60.0;-0.092992145;-3.04e-05
0;FEF2575;60.25;-0.096096307;-3.13e-05
0;FEF2575;60.5;-0.099197888;-3.21e-05
0;FEF2575;60.75;-0.102296663;-3.3e-05
0;FEF2575;61.0;-0.10539241;-3.38e-05
0;FEF2575;61.25;-0.108484916;-3.46e-05
0;FEF2575;61.5;-0.111573982;-3.55e-05
0;FEF2575;61.75;-0.114659415;-3.63e-05
0;FEF2575;62.0;-0.117741027;-3.72e-05
0;FEF2575;62.25;-0.120818637;-3.8e-05
0;FEF2575;62.5;-0.12389206;-3.88e-05
0;FEF2575;62.75;-0.126961121;-3.97e-05
0;FEF2575;63.0;-0.130025645;-4.05e-05
0;FEF2575;63.25;-0.133085465;-4.13e-05
0;FEF2575;63.5;-0.136140423;-4.21e-05
0;FEF2575;63.75;-0.139190369;-4.3e-05
0;FEF2575;64.0;-0.142235155;-4.38e-05
0;FEF2575;64.25;-0.145274636;-4.46e-05
0;FEF2575;64.5;-0.148308675;-4.54e-05
0;FEF2575;64.75;-0.151337138;-4.62e-05
0;FEF2575;65.0;-0.154359893;-4.71e-05
0;FEF2575;65.25;-0.157376813;-4.79e-05
0;FEF2575;65.5;-0.160387774;-4.87e-05
0;FEF2575;65.75;-0.163392653;-4.95e-05
0;FEF2575;66.0;-0.166391332;-5.03e-05
0;FEF2575;66.25;-0.169383697;-5.11e-05
0;FEF2575;66.5;-0.172369635;-5.19e-05
0;FEF2575;66.75;-0.175349039;-5.27e-05
0;FEF2575;67.0;-0.178321804;-5.35e-05
0;FEF2575;67.25;-0.181287826;-5.43e-05
0;FEF2575;67.5;-0.184247003;-5.5e-05
0;FEF2575;67.75;-0.187199234;-5.58e-05
0;FEF2575;68.0;-0.19014442;-5.66e-05
0;FEF2575;68.25;-0.193082472;-5.74e-05
0;FEF2575;68.5;-0.196013321;-5.82e-05
0;FEF2575;68.75;-0.198936904;-5.89e-05
0;FEF2575;69.0;-0.201853163;-5.97e-05
0;FEF2575;69.25;-0.204762039;-6.05e-05
0;FEF2575;69.5;-0.207663476;-6.13e-05
0;FEF2575;69.75;-0.210557419;-6.2e-05
0;FEF2575;70.0;-0.213443816;-6.28e-05
0;FEF2575;70.25;-0.216322616;-6.35e-05
0;FEF2575;70.5;-0.219193771;-6.43e-05
0;FEF2575;70.75;-0.222057235;-6.5e-05
0;FEF2575;71.0;-0.224912964;-6.58e-05
0;FEF2575;71.25;-0.227760915;-6.65e-05
0;FEF2575;71.5;-0.230601044;-6.73e-05
0;FEF2575;71.75;-0.233433312;-6.8e-05
0;FEF2575;72.0;-0.236257678;-6.88e-05
0;FEF2575;72.25;-0.239074104;-6.95e-05
0;FEF2575;72.5;-0.241882553;-7.02e-05
0;FEF2575;72.75;-0.244682991;-7.1e-05
0;FEF2575;73.0;-0.247475383;-7.17e-05
0;FEF2575;73.25;-0.250259698;-7.24e-05
0;FEF2575;73.5;-0.253035906;-7.32e-05
0;FEF2575;73.75;-0.255803981;-7.39e-05
0;FEF2575;74.0;-0.258563897;-7.46e-05
0;FEF2575;74.25;-0.261315642;-7.53e-05
0;FEF2575;74.5;-0.26405925;-7.6e-05
0;FEF2575;74.75;-0.266794769;-7.68e-05
0;FEF2575;75.0;-0.269522244;-7.75e-05
0;FEF2575;75.25;-0.272241709;-7.82e-05
0;FEF2575;75.5;-0.274953134;-7.89e-05
0;FEF2575;75.75;-0.277656481;-7.96e-05
0;FEF2575;76.0;-0.280351711;-8.03e-05
0;FEF2575;76.25;-0.283038786;-8.1e-05
0;FEF2575;76.5;-0.28571767;-8.17e-05
0;FEF2575;76.75;-0.288388327;-8.24e-05
0;FEF2575;77.0;-0.291050723;-8.31e-05
0;FEF2575;77.25;-0.293704827;-8.38e-05
0;FEF2575;77.5;-0.296350606;-8.44e-05
0;FEF2575;77.75;-0.29898803;-8.51e-05
0;FEF2575;78.0;-0.301617069;-8.58e-05
0;FEF25;18.0;-0.128717537;3.43e-05
0;FEF25;18.25;-0.120830134;3.25e-05
0;FEF25;18.5;-0.113067729;3.07e-05
0;FEF25;18.75;-0.105443782;2.9e-05
0;FEF25;19.0;-0.097970557;2.73e-05
0;FEF25;19.25;-0.090658854;2.56e-05
0;FEF25;19.5;-0.08351709;2.4e-05
0;FEF25;19.75;-0.076552529;2.24e-05
0;FEF25;20.0;-0.069771718;2.09e-05
0;FEF25;20.25;-0.063181318;1.94e-05
0;FEF25;20.5;-0.056790391;1.8e-05
0;FEF25;20.75;-0.050607909;1.66e-05
0;FEF25;21.0;-0.044642013;1.53e-05
0;FEF25;21.25;-0.038900349;1.4e-05
0;FEF25;21.5;-0.033390916;1.28e-05
0;FEF25;21.75;-0.028121224;1.16e-05
0;FEF25;22.0;-0.023098065;1.04e-05
0;FEF25;22.25;-0.018327768;9.37e-06
0;FEF25;22.5;-0.013816817;8.34e-06
0;FEF25;22.75;-0.009571256;7.36e-06
0;FEF25;23.0;-0.005596519;6.42e-06
0;FEF25;23.25;-0.001896813;5.52e-06
0;FEF25;23.5;0.001526759;4.67e-06
0;FEF25;23.75;0.004674018;3.86e-06
0;FEF25;24.0;0.007545006;3.08e-06
0;FEF25;24.25;0.01014152;2.35e-06
0;FEF25;24.5;0.012471567;1.64e-06
0;FEF25;24.75;0.014544367;9.69e-07
0;FEF25;25.0;0.016368775;3.26e-07
0;FEF25;25.25;0.017954128;-2.9e-07
0;FEF25;25.5;0.019312674;-8.81e-07
0;FEF25;25.75;0.020456915;-1.45e-06
0;FEF25;26.0;0.021398775;-1.99e-06
0;FEF25;26.25;0.022150889;-2.52e-06
0;FEF25;26.5;0.022730243;-3.03e-06
0;FEF25;26.75;0.023154205;-3.52e-06
0;FEF25;27.0;0.023439281;-3.99e-06
0;FEF25;27.25;0.023600878;-4.45e-06
0;FEF25;27.5;0.023652531;-4.9e-06
0;FEF25;27.75;0.023606839;-5.33e-06
0;FEF25;28.0;0.023475788;-5.75e-06
0;FEF25;28.25;0.02327091;-6.15e-06
0;FEF25;28.5;0.023003695;-6.54e-06
0;FEF25;28.75;0.0226852;-6.91e-06
0;FEF25;29.0;0.022325941;-7.27e-06
0;FEF25;29.25;0.021935563;-7.61e-06
0;FEF25;29.5;0.021521814;-7.93e-06
0;FEF25;29.75;0.021091717;-8.22e-06
0;FEF25;30.0;0.020651957;-8.5e-06
0;FEF25;30.25;0.020208554;-8.76e-06
0;FEF25;30.5;0.0197659;-9e-06
0;FEF25;30.75;0.019327846;-9.22e-06
0;FEF25;31.0;0.018898053;-9.42e-06
0;FEF25;31.25;0.018479959;-9.6e-06
0;FEF25;31.5;0.018076637;-9.76e-06
0;FEF25;31.75;0.017690963;-9.9e-06
0;FEF25;32.0;0.017325672;-1e-05
0;FEF25;32.25;0.016982922;-1.01e-05
0;FEF25;32.5;0.016663015;-1.02e-05
0;FEF25;32.75;0.016365799;-1.03e-05
0;FEF25;33.0;0.016091119;-1.03e-05
0;FEF25;33.25;0.015838895;-1.03e-05
0;FEF25;33.5;0.015609354;-1.03e-05
0;FEF25;33.75;0.015402776;-1.03e-05
0;FEF25;34.0;0.015219424;-1.03e-05
0;FEF25;34.25;0.01505934;-1.03e-05
0;FEF25;34.5;0.014921774;-1.03e-05
0;FEF25;34.75;0.014805805;-1.02e-05
0;FEF25;35.0;0.014710545;-1.02e-05
0;FEF25;35.25;0.014635114;-1.01e-05
0;FEF25;35.5;0.014578585;-9.99e-06
0;FEF25;35.75;0.014540047;-9.9e-06
0;FEF25;36.0;0.014518615;-9.8e-06
0;FEF25;36.25;0.014513421;-9.69e-06
0;FEF25;36.5;0.014523554;-9.57e-06
0;FEF25;36.75;0.01454812;-9.44e-06
0;FEF25;37.0;0.014586253;-9.3e-06
0;FEF25;37.25;0.014637032;-9.16e-06
0;FEF25;37.5;0.014699222;-9.01e-06
0;FEF25;37.75;0.014771548;-8.86e-06
0;FEF25;38.0;0.014852781;-8.7e-06
0;FEF25;38.25;0.014941774;-8.53e-06
0;FEF25;38.5;0.01503756;-8.36e-06
0;FEF25;38.75;0.015139244;-8.18e-06
0;FEF25;39.0;0.015245963;-7.99e-06
0;FEF25;39.25;0.015356773;-7.8e-06
0;FEF25;39.5;0.015470328;-7.6e-06
0;FEF25;39.75;0.015585224;-7.39e-06
0;FEF25;40.0;0.015700107;-7.19e-06
0;FEF25;40.25;0.015813562;-6.97e-06
0;FEF25;40.5;0.015923782;-6.75e-06
0;FEF25;40.75;0.016028915;-6.53e-06
0;FEF25;41.0;0.016127178;-6.3e-06
0;FEF25;41.25;0.016216884;-6.06e-06
0;FEF25;41.5;0.016296513;-5.83e-06
0;FEF25;41.75;0.016364632;-5.58e-06
0;FEF25;42.0;0.016419861;-5.34e-06
0;FEF25;42.25;0.016460843;-5.09e-06
0;FEF25;42.5;0.016486159;-4.83e-06
0;FEF25;42.75;0.016494417;-4.58e-06
0;FEF25;43.0;0.016484277;-4.31e-06
0;FEF25;43.25;0.016454437;-4.05e-06
0;FEF25;43.5;0.016403601;-3.78e-06
0;FEF25;43.75;0.01633051;-3.52e-06
0;FEF25;44.0;0.016233953;-3.25e-06
0;FEF25;44.25;0.016112745;-2.98e-06
0;FEF25;44.5;0.015965655;-2.7e-06
0;FEF25;44.75;0.015791482;-2.43e-06
0;FEF25;45.0;0.015589067;-2.16e-06
0;FEF25;45.25;0.015357397;-1.88e-06
0;FEF25;45.5;0.015095891;-1.61e-06
0;FEF25;45.75;0.014804088;-1.34e-06
0;FEF25;46.0;0.014481554;-1.07e-06
0;FEF25;46.25;0.014128122;-8e-07
0;FEF25;46.5;0.013744642;-5.32e-07
0;FEF25;46.75;0.013332191;-2.66e-07
0;FEF25;47.0;0.012891816;-1.7e-09
0;FEF25;47.25;0.0124245;2.6e-07
0;FEF25;47.5;0.011931053;5.18e-07
0;FEF25;47.75;0.011412226;7.73e-07
0;FEF25;48.0;0.010868753;1.03e-06
0;FEF25;48.25;0.010301358;1.27e-06
0;FEF25;48.5;0.009710777;1.52e-06
0;FEF25;48.75;0.009097739;1.76e-06
0;FEF25;49.0;0.008462953;1.99e-06
0;FEF25;49.25;0.007807125;2.22e-06
0;FEF25;49.5;0.007131008;2.45e-06
0;FEF25;49.75;0.006435351;2.67e-06
0;FEF25;50.0;0.005720882;2.89e-06
0;FEF25;50.25;0.004988318;3.1e-06
0;FEF25;50.5;0.004238371;3.31e-06
0;FEF25;50.75;0.003471741;3.51e-06
0;FEF25;51.0;0.002689109;3.71e-06
0;FEF25;51.25;0.001891139;3.9e-06
0;FEF25;51.5;0.001078465;4.09e-06
0;FEF25;51.75;0.000251708;4.27e-06
0;FEF25;52.0;-0.000588532;4.45e-06
0;FEF25;52.25;-0.00144166;4.63e-06
0;FEF25;52.5;-0.002307075;4.8e-06
0;FEF25;52.75;-0.003184186;4.96e-06
0;FEF25;53.0;-0.004072415;5.12e-06
0;FEF25;53.25;-0.004971159;5.28e-06
0;FEF25;53.5;-0.005879664;5.43e-06
0;FEF25;53.75;-0.006797156;5.58e-06
0;FEF25;54.0;-0.00772288;5.73e-06
0;FEF25;54.25;-0.008656105;5.87e-06
0;FEF25;54.5;-0.009596136;6e-06
0;FEF25;54.75;-0.0105423;6.14e-06
0;FEF25;55.0;-0.011493942;6.27e-06
0;FEF25;55.25;-0.012450418;6.4e-06
0;FEF25;55.5;-0.013411086;6.52e-06
0;FEF25;55.75;-0.014375314;6.64e-06
0;FEF25;56.0;-0.015342489;6.76e-06
0;FEF25;56.25;-0.016312025;6.88e-06
0;FEF25;56.5;-0.017283399;6.99e-06
0;FEF25;56.75;-0.018256115;7.1e-06
0;FEF25;57.0;-0.019229691;7.21e-06
0;FEF25;57.25;-0.02020374;7.32e-06
0;FEF25;57.5;-0.021178225;7.43e-06
0;FEF25;57.75;-0.022153193;7.53e-06
0;FEF25;58.0;-0.023128689;7.63e-06
0;FEF25;58.25;-0.02410475;7.73e-06
0;FEF25;58.5;-0.025081383;7.83e-06
0;FEF25;58.75;-0.026058585;7.93e-06
0;FEF25;59.0;-0.027036354;8.03e-06
0;FEF25;59.25;-0.028014691;8.12e-06
0;FEF25;59.5;-0.028993605;8.22e-06
0;FEF25;59.75;-0.029973108;8.31e-06
0;FEF25;60.0;-0.030953211;8.4e-06
0;FEF25;60.25;-0.031933922;8.49e-06
0;FEF25;60.5;-0.032915241;8.58e-06
0;FEF25;60.75;-0.033897167;8.67e-06
0;FEF25;61.0;-0.034879698;8.76e-06
0;FEF25;61.25;-0.035862846;8.85e-06
0;FEF25;61.5;-0.036846686;8.94e-06
0;FEF25;61.75;-0.037831305;9.02e-06
0;FEF25;62.0;-0.038816789;9.11e-06
0;FEF25;62.25;-0.039803223;9.2e-06
0;FEF25;62.5;-0.040790703;9.28e-06
0;FEF25;62.75;-0.04177932;9.37e-06
0;FEF25;63.0;-0.042769169;9.45e-06
0;FEF25;63.25;-0.043760336;9.53e-06
0;FEF25;63.5;-0.044752901;9.62e-06
0;FEF25;63.75;-0.045746939;9.7e-06
0;FEF25;64.0;-0.046742525;9.78e-06
0;FEF25;64.25;-0.047739733;9.86e-06
0;FEF25;64.5;-0.048738653;9.94e-06
0;FEF25;64.75;-0.049739373;1e-05
0;FEF25;65.0;-0.050741981;1.01e-05
0;FEF25;65.25;-0.051746548;1.02e-05
0;FEF25;65.5;-0.05275309;1.02e-05
0;FEF25;65.75;-0.053761609;1.03e-05
0;FEF25;66.0;-0.054772104;1.04e-05
0;FEF25;66.25;-0.055784528;1.05e-05
0;FEF25;66.5;-0.056798635;1.05e-05
0;FEF25;66.75;-0.057814138;1.06e-05
0;FEF25;67.0;-0.058830755;1.07e-05
0;FEF25;67.25;-0.059848215;1.07e-05
0;FEF25;67.5;-0.060866281;1.08e-05
0;FEF25;67.75;-0.061884728;1.09e-05
0;FEF25;68.0;-0.062903334;1.09e-05
0;FEF25;68.25;-0.063921881;1.1e-05
0;FEF25;68.5;-0.064940147;1.11e-05
0;FEF25;68.75;-0.065957913;1.11e-05
0;FEF25;69.0;-0.066974965;1.12e-05
0;FEF25;69.25;-0.067991093;1.13e-05
0;FEF25;69.5;-0.069006092;1.13e-05
0;FEF25;69.75;-0.070019761;1.14e-05
0;FEF25;70.0;-0.071031904;1.14e-05
0;FEF25;70.25;-0.072042334;1.15e-05
0;FEF25;70.5;-0.073050888;1.16e-05
0;FEF25;70.75;-0.074057412;1.16e-05
0;FEF25;71.0;-0.075061753;1.17e-05
0;FEF25;71.25;-0.076063783;1.17e-05
0;FEF25;71.5;-0.07706345;1.18e-05
0;FEF25;71.75;-0.078060723;1.18e-05
0;FEF25;72.0;-0.079055568;1.19e-05
0;FEF25;72.25;-0.080047953;1.2e-05
0;FEF25;72.5;-0.081037826;1.2e-05
0;FEF25;72.75;-0.082025137;1.21e-05
0;FEF25;73.0;-0.083009833;1.21e-05
0;FEF25;73.25;-0.08399187;1.22e-05
0;FEF25;73.5;-0.084971227;1.22e-05
0;FEF25;73.75;-0.085947892;1.23e-05
0;FEF25;74.0;-0.086921851;1.23e-05
0;FEF25;74.25;-0.087893072;1.24e-05
0;FEF25;74.5;-0.088861449;1.24e-05
0;FEF25;74.75;-0.08982686;1.25e-05
0;FEF25;75.0;-0.090789186;1.25e-05
0;FEF25;75.25;-0.091748332;1.26e-05
0;FEF25;75.5;-0.092704296;1.26e-05
0;FEF25;75.75;-0.093657101;1.27e-05
0;FEF25;76.0;-0.094606766;1.27e-05
0;FEF25;76.25;-0.095553313;1.28e-05
0;FEF25;76.5;-0.096496761;1.28e-05
0;FEF25;76.75;-0.097437131;1.29e-05
0;FEF25;77.0;-0.098374443;1.29e-05
0;FEF25;77.25;-0.099308716;1.3e-05
0;FEF25;77.5;-0.100239971;1.3e-05
0;FEF25;77.75;-0.101168227;1.31e-05
0;FEF25;78.0;-0.102093502;1.31e-05
0;FEF50;18.0;-0.306366424;-4.97e-05
0;FEF50;18.25;-0.292698785;-4.83e-05
0;FEF50;18.5;-0.279246854;-4.69e-05
0;FEF50;18.75;-0.266033133;-4.56e-05
0;FEF50;19.0;-0.253078113;-4.42e-05
0;FEF50;19.25;-0.24039917;-4.29e-05
0;FEF50;19.5;-0.228007134;-4.16e-05
0;FEF50;19.75;-0.215910515;-4.03e-05
0;FEF50;20.0;-0.204116888;-3.9e-05
0;FEF50;20.25;-0.192633255;-3.77e-05
0;FEF50;20.5;-0.181466913;-3.64e-05
0;FEF50;20.75;-0.170624609;-3.51e-05
0;FEF50;21.0;-0.160112302;-3.38e-05
0;FEF50;21.25;-0.149934806;-3.25e-05
0;FEF50;21.5;-0.140094612;-3.13e-05
0;FEF50;21.75;-0.130593331;-3e-05
0;FEF50;22.0;-0.121432167;-2.87e-05
0;FEF50;22.25;-0.112611636;-2.75e-05
0;FEF50;22.5;-0.104130682;-2.62e-05
0;FEF50;22.75;-0.09598773;-2.5e-05
0;FEF50;23.0;-0.088181035;-2.37e-05
0;FEF50;23.25;-0.080708124;-2.25e-05
0;FEF50;23.5;-0.073564159;-2.12e-05
0;FEF50;23.75;-0.066743796;-2e-05
0;FEF50;24.0;-0.060241784;-1.87e-05
0;FEF50;24.25;-0.054051781;-1.75e-05
0;FEF50;24.5;-0.04816296;-1.63e-05
0;FEF50;24.75;-0.042563789;-1.51e-05
0;FEF50;25.0;-0.03724322;-1.38e-05
0;FEF50;25.25;-0.032190091;-1.26e-05
0;FEF50;25.5;-0.027391434;-1.15e-05
0;FEF50;25.75;-0.0228343;-1.03e-05
0;FEF50;26.0;-0.01850633;-9.13e-06
0;FEF50;26.25;-0.014394775;-8e-06
0;FEF50;26.5;-0.010483755;-6.88e-06
0;FEF50;26.75;-0.006757238;-5.78e-06
0;FEF50;27.0;-0.003199961;-4.7e-06
0;FEF50;27.25;0.0002022;-3.64e-06
0;FEF50;27.5;0.00346111;-2.61e-06
0;FEF50;27.75;0.006587687;-1.6e-06
0;FEF50;28.0;0.009592345;-6.03e-07
0;FEF50;28.25;0.012484996;3.67e-07
0;FEF50;28.5;0.015275032;1.32e-06
0;FEF50;28.75;0.0179714;2.25e-06
0;FEF50;29.0;0.020582632;3.16e-06
0;FEF50;29.25;0.023116466;4.06e-06
0;FEF50;29.5;0.025578686;4.94e-06
0;FEF50;29.75;0.027974427;5.8e-06
0;FEF50;30.0;0.030308601;6.65e-06
0;FEF50;30.25;0.032585452;7.48e-06
0;FEF50;30.5;0.034807246;8.3e-06
0;FEF50;30.75;0.036975722;9.1e-06
0;FEF50;31.0;0.039092556;9.89e-06
0;FEF50;31.25;0.041159394;1.07e-05
0;FEF50;31.5;0.04317792;1.14e-05
0;FEF50;31.75;0.045149781;1.22e-05
0;FEF50;32.0;0.04707657;1.29e-05
0;FEF50;32.25;0.048959553;1.36e-05
0;FEF50;32.5;0.050798892;1.43e-05
0;FEF50;32.75;0.052594496;1.5e-05
0;FEF50;33.0;0.054346295;1.56e-05
0;FEF50;33.25;0.056054299;1.63e-05
0;FEF50;33.5;0.057718779;1.69e-05
0;FEF50;33.75;0.059340066;1.75e-05
0;FEF50;34.0;0.060918495;1.81e-05
0;FEF50;34.25;0.062454167;1.86e-05
0;FEF50;34.5;0.063946267;1.92e-05
0;FEF50;34.75;0.065393803;1.97e-05
0;FEF50;35.0;0.066795842;2.02e-05
0;FEF50;35.25;0.068151481;2.07e-05
0;FEF50;35.5;0.069459791;2.11e-05
0;FEF50;35.75;0.070719876;2.16e-05
0;FEF50;36.0;0.071930894;2.2e-05
0;FEF50;36.25;0.07309201;2.24e-05
0;FEF50;36.5;0.074202276;2.27e-05
0;FEF50;36.75;0.07526076;2.31e-05
0;FEF50;37.0;0.076266582;2.34e-05
0;FEF50;37.25;0.07721875;2.37e-05
0;FEF50;37.5;0.078115685;2.4e-05
0;FEF50;37.75;0.078955725;2.42e-05
0;FEF50;38.0;0.079737292;2.45e-05
0;FEF50;38.25;0.08045893;2.47e-05
0;FEF50;38.5;0.081119421;2.48e-05
0;FEF50;38.75;0.081717655;2.5e-05
0;FEF50;39.0;0.082252583;2.51e-05
0;FEF50;39.25;0.082723116;2.52e-05
0;FEF50;39.5;0.083127845;2.53e-05
0;FEF50;39.75;0.083465338;2.54e-05
0;FEF50;40.0;0.083734235;2.54e-05
0;FEF50;40.25;0.083933166;2.54e-05
0;FEF50;40.5;0.084060516;2.54e-05
0;FEF50;40.75;0.084114673;2.54e-05
0;FEF50;41.0;0.0840941;2.53e-05
0;FEF50;41.25;0.083997319;2.53e-05
0;FEF50;41.5;0.083822851;2.52e-05
0;FEF50;41.75;0.083569272;2.5e-05
0;FEF50;42.0;0.083235228;2.49e-05
0;FEF50;42.25;0.082819592;2.47e-05
0;FEF50;42.5;0.082321932;2.45e-05
0;FEF50;42.75;0.081742006;2.43e-05
0;FEF50;43.0;0.0810796;2.4e-05
0;FEF50;43.25;0.080334696;2.38e-05
0;FEF50;43.5;0.079507955;2.35e-05
0;FEF50;43.75;0.078600201;2.31e-05
0;FEF50;44.0;0.077612247;2.28e-05
0;FEF50;44.25;0.076544846;2.24e-05
0;FEF50;44.5;0.075398525;2.2e-05
0;FEF50;44.75;0.074173762;2.16e-05
0;FEF50;45.0;0.072871035;2.12e-05
0;FEF50;45.25;0.071490912;2.07e-05
0;FEF50;45.5;0.070034317;2.02e-05
0;FEF50;45.75;0.068502246;1.97e-05
0;FEF50;46.0;0.066895679;1.91e-05
0;FEF50;46.25;0.065215783;1.86e-05
0;FEF50;46.5;0.063464497;1.8e-05
0;FEF50;46.75;0.061643911;1.74e-05
0;FEF50;47.0;0.059756065;1.68e-05
0;FEF50;47.25;0.057802918;1.61e-05
0;FEF50;47.5;0.055786274;1.55e-05
0;FEF50;47.75;0.053707865;1.48e-05
0;FEF50;48.0;0.051569384;1.41e-05
0;FEF50;48.25;0.049372477;1.33e-05
0;FEF50;48.5;0.047118745;1.26e-05
0;FEF50;48.75;0.044809748;1.18e-05
0;FEF50;49.0;0.042447008;1.1e-05
0;FEF50;49.25;0.040032106;1.02e-05
0;FEF50;49.5;0.037566965;9.41e-06
0;FEF50;49.75;0.035053549;8.57e-06
0;FEF50;50.0;0.032493777;7.72e-06
0;FEF50;50.25;0.029889534;6.85e-06
0;FEF50;50.5;0.027242722;5.96e-06
0;FEF50;50.75;0.024555215;5.06e-06
0;FEF50;51.0;0.021828836;4.15e-06
0;FEF50;51.25;0.019065359;3.23e-06
0;FEF50;51.5;0.016266486;2.29e-06
0;FEF50;51.75;0.013433871;1.34e-06
0;FEF50;52.0;0.010569126;3.74e-07
0;FEF50;52.25;0.00767383;-6e-07
0;FEF50;52.5;0.004749559;-1.58e-06
0;FEF50;52.75;0.001797856;-2.58e-06
0;FEF50;53.0;-0.001179776;-3.58e-06
0;FEF50;53.25;-0.004181812;-4.6e-06
0;FEF50;53.5;-0.00720654;-5.62e-06
0;FEF50;53.75;-0.010252235;-6.65e-06
0;FEF50;54.0;-0.013317218;-7.69e-06
0;FEF50;54.25;-0.016399856;-8.73e-06
0;FEF50;54.5;-0.019498583;-9.78e-06
0;FEF50;54.75;-0.022611876;-1.08e-05
0;FEF50;55.0;-0.025738254;-1.19e-05
0;FEF50;55.25;-0.028876266;-1.3e-05
0;FEF50;55.5;-0.032024479;-1.4e-05
0;FEF50;55.75;-0.035181493;-1.51e-05
0;FEF50;56.0;-0.038345943;-1.62e-05
0;FEF50;56.25;-0.041516513;-1.73e-05
0;FEF50;56.5;-0.044691977;-1.84e-05
0;FEF50;56.75;-0.047871157;-1.95e-05
0;FEF50;57.0;-0.051052905;-2.06e-05
0;FEF50;57.25;-0.054236199;-2.17e-05
0;FEF50;57.5;-0.057420436;-2.28e-05
0;FEF50;57.75;-0.060605128;-2.39e-05
0;FEF50;58.0;-0.063789797;-2.5e-05
0;FEF50;58.25;-0.066973969;-2.61e-05
0;FEF50;58.5;-0.070157146;-2.72e-05
0;FEF50;58.75;-0.073338835;-2.83e-05
0;FEF50;59.0;-0.076518555;-2.94e-05
0;FEF50;59.25;-0.07969584;-3.05e-05
0;FEF50;59.5;-0.082870249;-3.16e-05
0;FEF50;59.75;-0.086041354;-3.27e-05
0;FEF50;60.0;-0.089208738;-3.38e-05
0;FEF50;60.25;-0.092371993;-3.49e-05
0;FEF50;60.5;-0.095530702;-3.6e-05
0;FEF50;60.75;-0.098684459;-3.71e-05
0;FEF50;61.0;-0.101832864;-3.82e-05
0;FEF50;61.25;-0.104975563;-3.93e-05
0;FEF50;61.5;-0.108112343;-4.04e-05
0;FEF50;61.75;-0.111243027;-4.15e-05
0;FEF50;62.0;-0.114367444;-4.26e-05
0;FEF50;62.25;-0.117485434;-4.37e-05
0;FEF50;62.5;-0.120596859;-4.48e-05
0;FEF50;62.75;-0.123701592;-4.58e-05
0;FEF50;63.0;-0.126799509;-4.69e-05
0;FEF50;63.25;-0.129890488;-4.8e-05
0;FEF50;63.5;-0.132974406;-4.91e-05
0;FEF50;63.75;-0.13605114;-5.02e-05
0;FEF50;64.0;-0.139120574;-5.12e-05
0;FEF50;64.25;-0.142182592;-5.23e-05
0;FEF50;64.5;-0.145237085;-5.34e-05
0;FEF50;64.75;-0.148283946;-5.44e-05
0;FEF50;65.0;-0.151323074;-5.55e-05
0;FEF50;65.25;-0.154354367;-5.66e-05
0;FEF50;65.5;-0.157377727;-5.76e-05
0;FEF50;65.75;-0.160393058;-5.87e-05
0;FEF50;66.0;-0.163400269;-5.97e-05
0;FEF50;66.25;-0.166399267;-6.08e-05
0;FEF50;66.5;-0.169389961;-6.18e-05
0;FEF50;66.75;-0.172372264;-6.28e-05
0;FEF50;67.0;-0.175346088;-6.39e-05
0;FEF50;67.25;-0.178311351;-6.49e-05
0;FEF50;67.5;-0.181267973;-6.59e-05
0;FEF50;67.75;-0.184215877;-6.7e-05
0;FEF50;68.0;-0.18715499;-6.8e-05
0;FEF50;68.25;-0.190085239;-6.9e-05
0;FEF50;68.5;-0.19300655;-7e-05
0;FEF50;68.75;-0.195918855;-7.1e-05
0;FEF50;69.0;-0.198822083;-7.2e-05
0;FEF50;69.25;-0.201716169;-7.31e-05
0;FEF50;69.5;-0.204601048;-7.41e-05
0;FEF50;69.75;-0.207476659;-7.51e-05
0;FEF50;70.0;-0.21034294;-7.61e-05
0;FEF50;70.25;-0.213199838;-7.7e-05
0;FEF50;70.5;-0.216047313;-7.8e-05
0;FEF50;70.75;-0.218885334;-7.9e-05
0;FEF50;71.0;-0.221713868;-8e-05
0;FEF50;71.25;-0.224532898;-8.1e-05
0;FEF50;71.5;-0.227342464;-8.2e-05
0;FEF50;71.75;-0.23014262;-8.29e-05
0;FEF50;72.0;-0.232933418;-8.39e-05
0;FEF50;72.25;-0.235714908;-8.49e-05
0;FEF50;72.5;-0.238487129;-8.58e-05
0;FEF50;72.75;-0.24125012;-8.68e-05
0;FEF50;73.0;-0.244003916;-8.78e-05
0;FEF50;73.25;-0.246748557;-8.87e-05
0;FEF50;73.5;-0.249484091;-8.97e-05
0;FEF50;73.75;-0.252210569;-9.06e-05
0;FEF50;74.0;-0.254928042;-9.16e-05
0;FEF50;74.25;-0.257636551;-9.25e-05
0;FEF50;74.5;-0.260336112;-9.34e-05
0;FEF50;74.75;-0.263026732;-9.44e-05
0;FEF50;75.0;-0.265708419;-9.53e-05
0;FEF50;75.25;-0.268381191;-9.62e-05
0;FEF50;75.5;-0.271045098;-9.72e-05
0;FEF50;75.75;-0.273700199;-9.81e-05
0;FEF50;76.0;-0.276346551;-9.9e-05
0;FEF50;76.25;-0.278984212;-9.99e-05
0;FEF50;76.5;-0.28161324;-0.000100852
0;FEF50;76.75;-0.28423369;-0.000101764
0;FEF50;77.0;-0.286845618;-0.000102673
0;FEF50;77.25;-0.289449079;-0.000103579
0;FEF50;77.5;-0.292044129;-0.000104482
0;FEF50;77.75;-0.294630821;-0.000105383
0;FEF50;78.0;-0.297209209;-0.00010628
