var;FEV1_males;FVC_males;FEV1FVC_males;FEF25_75_males;FEF75_males;FEV1_females;FVC_females;FEV1FVC_females;FEF25_75_females;FEF75_females;FEV075_males;FEV075_females;FEV075FVC_males;FEV075FVC_females
a0;-10.342;-11.2281;0.7403;-6.91893;-9.1978;-9.6987;-10.403;0.550559;-5.16817;-8.27113;-9.28474;-10.02391;0.51742;0.45992
a1;2.2196;2.4135;-0.1595;1.689511;2.1023;2.1211;2.2633;-0.107805;1.40662;2.00917;1.95265;2.11226;-0.09404;-0.08914
a2;0.0574;0.0865;-0.0366;-0.14248;-0.3656;-0.027;0.0234;-0.054419;-0.26175;-0.52522;0.02947;0.01937;-0.13239;-0.09999
a3;-0.1589;-0.1684;0.0079;-0.138385;-0.2879;-0.1484;-0.1555;0.005486;-0.12441;-0.30044;0;0;0;0
a4;-0.0351;-0.0405;0.0055;-0.03274;0.1142;-0.0149;-0.0262;0.00882;-0.07988;0.0496;0;0;0;0
a5;-0.0881;-0.1177;0.0283;-0.009388;0.1364;-0.1208;-0.1516;0.028543;-0.03976;0.07044;0;0;0;0
a6;-0.0708;-0.0825;0.0106;-0.0531;-0.0272;-0.0708;-0.0833;0.0106;-0.0531;-0.0272;;;;
p0;-2.3268;-2.2963;-2.9595;-2.1034;-1.5769;-2.3765;-2.3549;-3.23948;-2.29681;4.15426;-1.7947;-1.62649;-2.457;-2.545
p1;0.0798;0.0718;0.1156;0.2463;0.1959;0.0972;0.1017;0.18503;0.28466;-1.81537;-0.06655;-0.08282;0;0
p2;0.1096;0.0794;-0.0381;0.1625;0.1205;0.1016;0.081;0.03072;0.18694;0.13301;0;0;0;0
p3;-0.3973;-0.46;-0.2227;-0.1413;-0.2037;-0.0109;-0.1809;-0.16403;-0.01141;-0.15147;0;0;0;0
p4;0.0327;0.0325;-0.1414;-0.1039;-0.1664;0.0733;0.0459;-0.15209;-0.04731;-0.03669;0;0;0;0
p5;0.0114;-0.0503;-0.086;0.0057;-0.0381;0.0114;-0.0503;-0.086;0.0057;-0.0381;;;;
q0;0.8866;0.9481;4.7101;0.4986;0.6289;1.154;0.8236;7.032;1.2172;0.7088;1;1;2.797;3.564
q1;0.085;0;-0.6774;0;-0.1342;0;0;-1.197;-0.1781;-0.1462;0;0;0;0
