age;FVC_males_Mspline;FVC_males_Sspline;FVC_males_Lspline;FVC_females_Mspline;FVC_females_Sspline;FVC_females_Lspline;FEV1_males_Mspline;FEV1_males_Sspline;FEV1_males_Lspline;FEV1_females_Mspline;FEV1_females_Sspline;FEV1_females_Lspline;FEV1FVC_males_Mspline;FEV1FVC_males_Sspline;FEV1FVC_males_Lspline;FEV1FVC_females_Mspline;FEV1FVC_females_Sspline;FEV1FVC_females_Lspline;PEF_males_Mspline;PEF_males_Sspline;PEF_males_Lspline;PEF_females_Mspline;PEF_females_Sspline;PEF_females_Lspline;MMEF_males_Mspline;MMEF_males_Sspline;MMEF_males_Lspline;MMEF_females_Mspline;MMEF_females_Sspline;MMEF_females_Lspline
4.0;-0.052;0.048;0.87;-0.139;0.303;0.0;-0.095;0.067;0.0;-0.202;0.145;0.0;-0.016;0.156;0.0;-0.053;0.034;-1.185;-0.123;0.107;0.0;-0.235;0.264;0.0;-0.141;0.149;0.0;-0.292;0.217;0.0
4.2;-0.05;0.045;0.814;-0.131;0.284;0.0;-0.09;0.064;0.0;-0.191;0.136;0.0;-0.016;0.15;0.0;-0.05;0.032;-1.119;-0.115;0.1;0.0;-0.221;0.246;0.0;-0.136;0.142;0.0;-0.279;0.206;0.0
4.4;-0.047;0.043;0.762;-0.124;0.267;0.0;-0.086;0.061;0.0;-0.18;0.128;0.0;-0.015;0.144;0.0;-0.047;0.031;-1.055;-0.108;0.093;0.0;-0.208;0.229;0.0;-0.132;0.136;0.0;-0.267;0.196;0.0
4.6;-0.045;0.041;0.711;-0.117;0.25;0.0;-0.081;0.059;0.0;-0.17;0.12;0.0;-0.015;0.138;0.0;-0.044;0.029;-0.995;-0.101;0.087;0.0;-0.196;0.213;0.0;-0.127;0.13;0.0;-0.255;0.186;0.0
4.8;-0.043;0.039;0.663;-0.111;0.234;0.0;-0.077;0.056;0.0;-0.16;0.113;0.0;-0.015;0.133;0.0;-0.041;0.028;-0.938;-0.094;0.081;0.0;-0.183;0.197;0.0;-0.123;0.124;0.0;-0.244;0.176;0.0
5.0;-0.041;0.037;0.616;-0.104;0.219;0.0;-0.074;0.054;0.0;-0.151;0.105;0.0;-0.015;0.128;0.0;-0.039;0.026;-0.882;-0.088;0.076;0.0;-0.172;0.182;0.0;-0.119;0.118;0.0;-0.233;0.167;0.0
5.2;-0.039;0.035;0.572;-0.098;0.204;0.0;-0.071;0.051;0.0;-0.142;0.098;0.0;-0.015;0.123;0.0;-0.037;0.025;-0.829;-0.082;0.07;0.0;-0.16;0.168;0.0;-0.115;0.113;0.0;-0.222;0.158;0.0
5.4;-0.038;0.033;0.529;-0.092;0.19;0.0;-0.068;0.049;0.0;-0.134;0.092;0.0;-0.014;0.118;0.0;-0.035;0.024;-0.778;-0.077;0.065;0.0;-0.149;0.154;0.0;-0.112;0.107;0.0;-0.212;0.15;0.0
5.6;-0.037;0.031;0.487;-0.087;0.176;0.0;-0.066;0.047;0.0;-0.126;0.085;0.0;-0.014;0.113;0.0;-0.033;0.022;-0.729;-0.072;0.06;0.0;-0.138;0.141;0.0;-0.108;0.102;0.0;-0.202;0.141;0.0
5.8;-0.036;0.029;0.447;-0.081;0.162;0.0;-0.064;0.044;0.0;-0.118;0.079;0.0;-0.014;0.108;0.0;-0.031;0.021;-0.682;-0.067;0.055;0.0;-0.127;0.128;0.0;-0.105;0.097;0.0;-0.192;0.133;0.0
6.0;-0.035;0.027;0.408;-0.076;0.149;0.0;-0.062;0.042;0.0;-0.111;0.073;0.0;-0.014;0.103;0.0;-0.03;0.02;-0.637;-0.063;0.051;0.0;-0.117;0.116;0.0;-0.102;0.092;0.0;-0.184;0.126;0.0
6.2;-0.035;0.026;0.371;-0.071;0.137;0.0;-0.061;0.04;0.0;-0.105;0.067;0.0;-0.014;0.099;0.0;-0.028;0.019;-0.593;-0.059;0.046;0.0;-0.107;0.104;0.0;-0.1;0.087;0.0;-0.176;0.118;0.0
6.4;-0.035;0.024;0.335;-0.066;0.125;0.0;-0.059;0.038;0.0;-0.099;0.062;0.0;-0.014;0.094;0.0;-0.027;0.017;-0.551;-0.056;0.042;0.0;-0.097;0.093;0.0;-0.097;0.082;0.0;-0.168;0.111;0.0
6.6;-0.035;0.022;0.299;-0.062;0.113;0.0;-0.058;0.036;0.0;-0.093;0.056;0.0;-0.014;0.088;0.0;-0.026;0.016;-0.51;-0.053;0.038;0.0;-0.088;0.082;0.0;-0.095;0.077;0.0;-0.161;0.104;0.0
6.8;-0.035;0.021;0.265;-0.057;0.102;0.0;-0.056;0.034;0.0;-0.087;0.051;0.0;-0.014;0.083;0.0;-0.025;0.015;-0.47;-0.05;0.034;0.0;-0.079;0.071;0.0;-0.093;0.072;0.0;-0.154;0.097;0.0
7.0;-0.035;0.019;0.232;-0.053;0.091;0.0;-0.055;0.032;0.0;-0.082;0.046;0.0;-0.013;0.078;0.0;-0.025;0.014;-0.432;-0.048;0.03;0.0;-0.071;0.062;0.0;-0.092;0.067;0.0;-0.147;0.09;0.0
7.2;-0.035;0.018;0.201;-0.049;0.08;0.0;-0.054;0.03;0.0;-0.077;0.041;0.0;-0.013;0.072;0.0;-0.024;0.013;-0.395;-0.046;0.026;0.0;-0.063;0.052;0.0;-0.091;0.062;0.0;-0.14;0.083;0.0
7.4;-0.035;0.016;0.17;-0.045;0.07;0.0;-0.053;0.028;0.0;-0.072;0.037;0.0;-0.013;0.066;0.0;-0.023;0.012;-0.359;-0.044;0.023;0.0;-0.055;0.043;0.0;-0.09;0.057;0.0;-0.134;0.077;0.0
7.6;-0.035;0.015;0.141;-0.042;0.06;0.0;-0.052;0.026;0.0;-0.068;0.032;0.0;-0.013;0.061;0.0;-0.022;0.011;-0.324;-0.043;0.019;0.0;-0.048;0.034;0.0;-0.089;0.052;0.0;-0.127;0.07;0.0
7.8;-0.036;0.014;0.112;-0.039;0.051;0.0;-0.052;0.024;0.0;-0.064;0.028;0.0;-0.013;0.055;0.0;-0.021;0.009;-0.29;-0.041;0.016;0.0;-0.041;0.026;0.0;-0.088;0.047;0.0;-0.12;0.063;0.0
8.0;-0.037;0.012;0.085;-0.037;0.042;0.0;-0.052;0.023;0.0;-0.06;0.024;0.0;-0.012;0.049;0.0;-0.02;0.008;-0.258;-0.04;0.013;0.0;-0.034;0.018;0.0;-0.088;0.042;0.0;-0.113;0.057;0.0
8.2;-0.037;0.011;0.059;-0.034;0.034;0.0;-0.052;0.021;0.0;-0.056;0.02;0.0;-0.012;0.043;0.0;-0.019;0.007;-0.226;-0.039;0.01;0.0;-0.028;0.011;0.0;-0.087;0.037;0.0;-0.105;0.05;0.0
8.4;-0.038;0.01;0.034;-0.032;0.026;0.0;-0.052;0.019;0.0;-0.053;0.016;0.0;-0.012;0.037;0.0;-0.018;0.006;-0.195;-0.038;0.007;0.0;-0.022;0.004;0.0;-0.087;0.032;0.0;-0.097;0.044;0.0
8.6;-0.039;0.009;0.009;-0.03;0.018;0.0;-0.053;0.018;0.0;-0.049;0.012;0.0;-0.011;0.031;0.0;-0.016;0.005;-0.166;-0.038;0.004;0.0;-0.016;-0.003;0.0;-0.087;0.027;0.0;-0.089;0.038;0.0
8.8;-0.039;0.007;-0.014;-0.028;0.011;0.0;-0.053;0.016;0.0;-0.046;0.009;0.0;-0.011;0.025;0.0;-0.015;0.004;-0.137;-0.037;0.002;0.0;-0.01;-0.009;0.0;-0.086;0.022;0.0;-0.08;0.031;0.0
9.0;-0.04;0.006;-0.036;-0.026;0.004;0.0;-0.054;0.015;0.0;-0.042;0.005;0.0;-0.01;0.019;0.0;-0.013;0.003;-0.108;-0.036;-0.001;0.0;-0.005;-0.015;0.0;-0.085;0.018;0.0;-0.072;0.025;0.0
9.2;-0.04;0.005;-0.058;-0.024;-0.003;0.0;-0.054;0.014;0.0;-0.039;0.002;0.0;-0.01;0.013;0.0;-0.012;0.002;-0.081;-0.035;-0.003;0.0;0.0;-0.021;0.0;-0.084;0.013;0.0;-0.063;0.019;0.0
9.4;-0.04;0.004;-0.078;-0.022;-0.009;0.0;-0.054;0.012;0.0;-0.035;-0.001;0.0;-0.009;0.007;0.0;-0.01;0.001;-0.054;-0.035;-0.006;0.0;0.006;-0.026;0.0;-0.082;0.008;0.0;-0.053;0.014;0.0
9.6;-0.04;0.003;-0.098;-0.02;-0.016;0.0;-0.054;0.011;0.0;-0.031;-0.004;0.0;-0.008;0.002;0.0;-0.008;0.0;-0.028;-0.033;-0.008;0.0;0.011;-0.031;0.0;-0.08;0.004;0.0;-0.044;0.008;0.0
9.8;-0.04;0.002;-0.117;-0.018;-0.021;0.0;-0.053;0.01;0.0;-0.027;-0.007;0.0;-0.008;-0.004;0.0;-0.006;0.0;-0.003;-0.032;-0.01;0.0;0.016;-0.035;0.0;-0.076;0.0;0.0;-0.034;0.002;0.0
10.0;-0.04;0.001;-0.135;-0.016;-0.027;0.0;-0.052;0.009;0.0;-0.023;-0.01;0.0;-0.007;-0.009;0.0;-0.004;-0.001;0.021;-0.031;-0.012;0.0;0.021;-0.04;0.0;-0.072;-0.005;0.0;-0.024;-0.003;0.0
10.2;-0.039;0.0;-0.152;-0.013;-0.032;0.0;-0.05;0.007;0.0;-0.018;-0.013;0.0;-0.006;-0.014;0.0;-0.003;-0.002;0.045;-0.029;-0.014;0.0;0.026;-0.044;0.0;-0.068;-0.009;0.0;-0.014;-0.009;0.0
10.4;-0.038;-0.001;-0.169;-0.01;-0.037;0.0;-0.048;0.006;0.0;-0.013;-0.015;0.0;-0.005;-0.019;0.0;-0.001;-0.003;0.068;-0.027;-0.016;0.0;0.031;-0.047;0.0;-0.062;-0.013;0.0;-0.004;-0.014;0.0
10.6;-0.037;-0.002;-0.185;-0.007;-0.042;0.0;-0.046;0.005;0.0;-0.007;-0.018;0.0;-0.004;-0.024;0.0;0.002;-0.004;0.09;-0.024;-0.017;0.0;0.036;-0.051;0.0;-0.056;-0.017;0.0;0.007;-0.019;0.0
10.8;-0.036;-0.003;-0.2;-0.004;-0.046;0.0;-0.043;0.004;0.0;-0.001;-0.02;0.0;-0.003;-0.029;0.0;0.004;-0.005;0.112;-0.022;-0.019;0.0;0.042;-0.054;0.0;-0.05;-0.021;0.0;0.017;-0.024;0.0
11.0;-0.034;-0.004;-0.215;0.0;-0.05;0.0;-0.039;0.003;0.0;0.005;-0.022;0.0;-0.002;-0.033;0.0;0.006;-0.005;0.132;-0.019;-0.02;0.0;0.047;-0.057;0.0;-0.042;-0.025;0.0;0.028;-0.029;0.0
11.2;-0.031;-0.005;-0.228;0.003;-0.054;0.0;-0.035;0.002;0.0;0.012;-0.025;0.0;0.0;-0.038;0.0;0.008;-0.006;0.153;-0.016;-0.022;0.0;0.052;-0.059;0.0;-0.034;-0.028;0.0;0.039;-0.034;0.0
11.4;-0.029;-0.006;-0.242;0.007;-0.058;0.0;-0.031;0.0;0.0;0.019;-0.027;0.0;0.001;-0.042;0.0;0.01;-0.007;0.172;-0.012;-0.023;0.0;0.057;-0.062;0.0;-0.026;-0.032;0.0;0.05;-0.038;0.0
11.6;-0.026;-0.006;-0.254;0.011;-0.062;0.0;-0.025;-0.001;0.0;0.026;-0.029;0.0;0.002;-0.045;0.0;0.012;-0.007;0.191;-0.009;-0.025;0.0;0.062;-0.064;0.0;-0.017;-0.035;0.0;0.06;-0.043;0.0
11.8;-0.023;-0.007;-0.266;0.015;-0.065;0.0;-0.02;-0.002;0.0;0.033;-0.031;0.0;0.003;-0.049;0.0;0.014;-0.008;0.209;-0.005;-0.026;0.0;0.067;-0.066;0.0;-0.008;-0.039;0.0;0.071;-0.047;0.0
12.0;-0.019;-0.008;-0.278;0.02;-0.069;0.0;-0.013;-0.003;0.0;0.041;-0.033;0.0;0.004;-0.052;0.0;0.016;-0.009;0.226;-0.001;-0.027;0.0;0.071;-0.068;0.0;0.001;-0.042;0.0;0.081;-0.051;0.0
12.2;-0.015;-0.009;-0.288;0.024;-0.072;0.0;-0.007;-0.005;0.0;0.048;-0.034;0.0;0.005;-0.055;0.0;0.018;-0.009;0.243;0.003;-0.028;0.0;0.076;-0.069;0.0;0.011;-0.045;0.0;0.091;-0.056;0.0
12.4;-0.011;-0.01;-0.298;0.028;-0.075;0.0;0.0;-0.006;0.0;0.055;-0.036;0.0;0.006;-0.058;0.0;0.02;-0.01;0.259;0.007;-0.029;0.0;0.08;-0.071;0.0;0.021;-0.048;0.0;0.101;-0.06;0.0
12.6;-0.006;-0.011;-0.308;0.032;-0.078;0.0;0.008;-0.007;0.0;0.062;-0.038;0.0;0.007;-0.061;0.0;0.021;-0.01;0.275;0.012;-0.03;0.0;0.084;-0.072;0.0;0.032;-0.051;0.0;0.11;-0.064;0.0
12.8;-0.002;-0.012;-0.317;0.037;-0.081;0.0;0.016;-0.009;0.0;0.069;-0.04;0.0;0.009;-0.063;0.0;0.023;-0.011;0.29;0.016;-0.031;0.0;0.087;-0.073;0.0;0.042;-0.054;0.0;0.119;-0.067;0.0
13.0;0.003;-0.012;-0.326;0.041;-0.083;0.0;0.023;-0.01;0.0;0.076;-0.041;0.0;0.01;-0.065;0.0;0.025;-0.011;0.304;0.02;-0.032;0.0;0.091;-0.074;0.0;0.052;-0.056;0.0;0.128;-0.071;0.0
13.2;0.008;-0.013;-0.334;0.045;-0.086;0.0;0.031;-0.012;0.0;0.082;-0.043;0.0;0.011;-0.067;0.0;0.026;-0.012;0.318;0.025;-0.033;0.0;0.093;-0.075;0.0;0.063;-0.059;0.0;0.137;-0.075;0.0
13.4;0.013;-0.014;-0.341;0.048;-0.089;0.0;0.039;-0.013;0.0;0.088;-0.044;0.0;0.012;-0.069;0.0;0.028;-0.012;0.331;0.029;-0.033;0.0;0.096;-0.076;0.0;0.073;-0.061;0.0;0.144;-0.078;0.0
13.6;0.018;-0.015;-0.348;0.052;-0.091;0.0;0.047;-0.015;0.0;0.093;-0.046;0.0;0.013;-0.071;0.0;0.029;-0.013;0.344;0.034;-0.034;0.0;0.098;-0.076;0.0;0.083;-0.063;0.0;0.152;-0.081;0.0
13.8;0.023;-0.016;-0.355;0.055;-0.094;0.0;0.055;-0.016;0.0;0.099;-0.047;0.0;0.014;-0.073;0.0;0.03;-0.013;0.356;0.038;-0.035;0.0;0.1;-0.077;0.0;0.093;-0.066;0.0;0.159;-0.085;0.0
14.0;0.028;-0.016;-0.361;0.059;-0.096;0.0;0.062;-0.018;0.0;0.104;-0.048;0.0;0.015;-0.074;0.0;0.031;-0.014;0.368;0.042;-0.036;0.0;0.101;-0.078;0.0;0.102;-0.068;0.0;0.166;-0.088;0.0
14.2;0.032;-0.017;-0.367;0.061;-0.098;0.0;0.07;-0.019;0.0;0.108;-0.049;0.0;0.016;-0.075;0.0;0.032;-0.014;0.379;0.046;-0.036;0.0;0.102;-0.078;0.0;0.112;-0.07;0.0;0.172;-0.091;0.0
14.4;0.037;-0.018;-0.372;0.064;-0.1;0.0;0.077;-0.021;0.0;0.112;-0.051;0.0;0.016;-0.076;0.0;0.034;-0.014;0.39;0.05;-0.037;0.0;0.102;-0.078;0.0;0.121;-0.072;0.0;0.178;-0.094;0.0
14.6;0.042;-0.019;-0.377;0.067;-0.102;0.0;0.084;-0.023;0.0;0.116;-0.052;0.0;0.017;-0.078;0.0;0.034;-0.015;0.401;0.054;-0.037;0.0;0.102;-0.079;0.0;0.129;-0.073;0.0;0.183;-0.097;0.0
14.8;0.046;-0.02;-0.381;0.069;-0.104;0.0;0.09;-0.024;0.0;0.119;-0.053;0.0;0.018;-0.079;0.0;0.035;-0.015;0.41;0.058;-0.038;0.0;0.102;-0.079;0.0;0.137;-0.075;0.0;0.188;-0.099;0.0
15.0;0.051;-0.02;-0.386;0.071;-0.106;0.0;0.096;-0.026;0.0;0.122;-0.054;0.0;0.019;-0.079;0.0;0.036;-0.016;0.42;0.062;-0.038;0.0;0.102;-0.079;0.0;0.145;-0.077;0.0;0.193;-0.102;0.0
15.2;0.055;-0.021;-0.389;0.073;-0.108;0.0;0.102;-0.028;0.0;0.125;-0.055;0.0;0.02;-0.08;0.0;0.037;-0.016;0.429;0.065;-0.039;0.0;0.101;-0.079;0.0;0.153;-0.078;0.0;0.197;-0.105;0.0
15.4;0.059;-0.022;-0.393;0.075;-0.11;0.0;0.108;-0.029;0.0;0.127;-0.056;0.0;0.02;-0.081;0.0;0.037;-0.016;0.438;0.069;-0.039;0.0;0.101;-0.079;0.0;0.16;-0.08;0.0;0.2;-0.107;0.0
15.6;0.063;-0.022;-0.396;0.077;-0.111;0.0;0.113;-0.031;0.0;0.13;-0.057;0.0;0.021;-0.082;0.0;0.038;-0.016;0.446;0.072;-0.04;0.0;0.1;-0.079;0.0;0.167;-0.081;0.0;0.204;-0.109;0.0
15.8;0.067;-0.023;-0.398;0.078;-0.113;0.0;0.118;-0.033;0.0;0.131;-0.058;0.0;0.021;-0.082;0.0;0.039;-0.017;0.454;0.076;-0.04;0.0;0.099;-0.079;0.0;0.173;-0.083;0.0;0.207;-0.111;0.0
16.0;0.07;-0.024;-0.401;0.079;-0.115;0.0;0.123;-0.034;0.0;0.133;-0.059;0.0;0.022;-0.083;0.0;0.039;-0.017;0.461;0.079;-0.041;0.0;0.097;-0.079;0.0;0.179;-0.084;0.0;0.21;-0.114;0.0
16.2;0.074;-0.024;-0.403;0.081;-0.116;0.0;0.127;-0.036;0.0;0.134;-0.059;0.0;0.022;-0.084;0.0;0.039;-0.017;0.468;0.082;-0.041;0.0;0.096;-0.079;0.0;0.184;-0.085;0.0;0.212;-0.116;0.0
16.4;0.077;-0.025;-0.405;0.082;-0.117;0.0;0.132;-0.038;0.0;0.136;-0.06;0.0;0.023;-0.084;0.0;0.04;-0.017;0.475;0.085;-0.041;0.0;0.095;-0.079;0.0;0.189;-0.086;0.0;0.214;-0.117;0.0
16.6;0.08;-0.026;-0.406;0.083;-0.119;0.0;0.135;-0.039;0.0;0.137;-0.061;0.0;0.023;-0.084;0.0;0.04;-0.018;0.481;0.087;-0.042;0.0;0.093;-0.078;0.0;0.194;-0.088;0.0;0.216;-0.119;0.0
16.8;0.083;-0.026;-0.408;0.084;-0.12;0.0;0.139;-0.041;0.0;0.137;-0.061;0.0;0.024;-0.085;0.0;0.04;-0.018;0.487;0.09;-0.042;0.0;0.092;-0.078;0.0;0.198;-0.089;0.0;0.218;-0.121;0.0
17.0;0.086;-0.027;-0.409;0.084;-0.121;0.0;0.142;-0.042;0.0;0.138;-0.062;0.0;0.024;-0.085;0.0;0.041;-0.018;0.493;0.092;-0.042;0.0;0.09;-0.078;0.0;0.202;-0.09;0.0;0.219;-0.123;0.0
17.2;0.089;-0.028;-0.409;0.085;-0.122;0.0;0.145;-0.044;0.0;0.139;-0.063;0.0;0.025;-0.086;0.0;0.041;-0.018;0.498;0.095;-0.042;0.0;0.089;-0.077;0.0;0.206;-0.091;0.0;0.22;-0.124;0.0
17.4;0.092;-0.028;-0.41;0.086;-0.123;0.0;0.147;-0.045;0.0;0.139;-0.063;0.0;0.025;-0.086;0.0;0.041;-0.018;0.503;0.097;-0.043;0.0;0.087;-0.077;0.0;0.21;-0.091;0.0;0.221;-0.126;0.0
17.6;0.094;-0.029;-0.41;0.086;-0.124;0.0;0.15;-0.047;0.0;0.139;-0.064;0.0;0.025;-0.086;0.0;0.041;-0.019;0.507;0.099;-0.043;0.0;0.085;-0.077;0.0;0.213;-0.092;0.0;0.222;-0.127;0.0
17.8;0.096;-0.029;-0.41;0.087;-0.125;0.0;0.152;-0.048;0.0;0.139;-0.064;0.0;0.025;-0.086;0.0;0.041;-0.019;0.512;0.101;-0.043;0.0;0.084;-0.076;0.0;0.215;-0.093;0.0;0.223;-0.128;0.0
18.0;0.099;-0.03;-0.41;0.087;-0.125;0.0;0.154;-0.05;0.0;0.139;-0.065;0.0;0.026;-0.086;0.0;0.041;-0.019;0.516;0.103;-0.043;0.0;0.082;-0.076;0.0;0.218;-0.094;0.0;0.223;-0.129;0.0
18.2;0.101;-0.03;-0.41;0.087;-0.126;0.0;0.156;-0.051;0.0;0.139;-0.065;0.0;0.026;-0.086;0.0;0.041;-0.019;0.52;0.105;-0.043;0.0;0.081;-0.075;0.0;0.22;-0.094;0.0;0.224;-0.13;0.0
18.4;0.102;-0.031;-0.41;0.088;-0.127;0.0;0.157;-0.052;0.0;0.139;-0.065;0.0;0.026;-0.087;0.0;0.041;-0.019;0.523;0.107;-0.043;0.0;0.079;-0.075;0.0;0.222;-0.095;0.0;0.224;-0.131;0.0
18.6;0.104;-0.031;-0.409;0.088;-0.127;0.0;0.159;-0.053;0.0;0.138;-0.066;0.0;0.026;-0.087;0.0;0.041;-0.019;0.526;0.108;-0.043;0.0;0.077;-0.074;0.0;0.224;-0.095;0.0;0.224;-0.132;0.0
18.8;0.106;-0.031;-0.408;0.088;-0.128;0.0;0.16;-0.055;0.0;0.138;-0.066;0.0;0.026;-0.087;0.0;0.041;-0.019;0.529;0.11;-0.044;0.0;0.076;-0.074;0.0;0.226;-0.096;0.0;0.224;-0.133;0.0
19.0;0.107;-0.032;-0.407;0.088;-0.128;0.0;0.161;-0.056;0.0;0.137;-0.066;0.0;0.026;-0.087;0.0;0.041;-0.019;0.531;0.112;-0.044;0.0;0.075;-0.073;0.0;0.227;-0.096;0.0;0.223;-0.134;0.0
19.2;0.109;-0.032;-0.406;0.088;-0.129;0.0;0.162;-0.057;0.0;0.137;-0.066;0.0;0.027;-0.087;0.0;0.04;-0.019;0.534;0.113;-0.044;0.0;0.073;-0.073;0.0;0.228;-0.097;0.0;0.223;-0.134;0.0
19.4;0.11;-0.033;-0.405;0.088;-0.129;0.0;0.163;-0.058;0.0;0.136;-0.067;0.0;0.027;-0.087;0.0;0.04;-0.02;0.536;0.114;-0.044;0.0;0.072;-0.072;0.0;0.229;-0.097;0.0;0.223;-0.135;0.0
19.6;0.111;-0.033;-0.403;0.088;-0.129;0.0;0.163;-0.059;0.0;0.136;-0.067;0.0;0.027;-0.087;0.0;0.04;-0.02;0.538;0.116;-0.044;0.0;0.071;-0.072;0.0;0.23;-0.097;0.0;0.222;-0.136;0.0
19.8;0.112;-0.033;-0.402;0.088;-0.129;0.0;0.164;-0.06;0.0;0.135;-0.067;0.0;0.027;-0.086;0.0;0.04;-0.02;0.539;0.117;-0.044;0.0;0.069;-0.071;0.0;0.231;-0.097;0.0;0.222;-0.136;0.0
20.0;0.113;-0.034;-0.4;0.088;-0.129;0.0;0.164;-0.061;0.0;0.135;-0.067;0.0;0.027;-0.086;0.0;0.04;-0.02;0.54;0.118;-0.044;0.0;0.068;-0.071;0.0;0.232;-0.098;0.0;0.221;-0.136;0.0
20.2;0.114;-0.034;-0.398;0.088;-0.129;0.0;0.164;-0.062;0.0;0.134;-0.067;0.0;0.027;-0.086;0.0;0.04;-0.02;0.542;0.119;-0.044;0.0;0.067;-0.07;0.0;0.232;-0.098;0.0;0.22;-0.137;0.0
20.4;0.115;-0.034;-0.396;0.088;-0.129;0.0;0.164;-0.063;0.0;0.133;-0.067;0.0;0.027;-0.086;0.0;0.039;-0.02;0.542;0.12;-0.044;0.0;0.066;-0.069;0.0;0.232;-0.098;0.0;0.22;-0.137;0.0
20.6;0.115;-0.034;-0.394;0.088;-0.129;0.0;0.164;-0.064;0.0;0.133;-0.067;0.0;0.027;-0.086;0.0;0.039;-0.02;0.543;0.121;-0.043;0.0;0.065;-0.069;0.0;0.232;-0.098;0.0;0.219;-0.137;0.0
20.8;0.116;-0.035;-0.391;0.088;-0.129;0.0;0.164;-0.065;0.0;0.132;-0.067;0.0;0.027;-0.086;0.0;0.039;-0.02;0.543;0.121;-0.043;0.0;0.064;-0.068;0.0;0.232;-0.098;0.0;0.218;-0.137;0.0
21.0;0.116;-0.035;-0.389;0.087;-0.129;0.0;0.164;-0.066;0.0;0.131;-0.067;0.0;0.027;-0.086;0.0;0.038;-0.02;0.543;0.122;-0.043;0.0;0.063;-0.068;0.0;0.232;-0.098;0.0;0.217;-0.137;0.0
21.2;0.117;-0.035;-0.386;0.087;-0.129;0.0;0.164;-0.066;0.0;0.13;-0.067;0.0;0.027;-0.086;0.0;0.038;-0.02;0.543;0.123;-0.043;0.0;0.062;-0.067;0.0;0.232;-0.098;0.0;0.216;-0.137;0.0
21.4;0.117;-0.035;-0.384;0.087;-0.129;0.0;0.163;-0.067;0.0;0.129;-0.067;0.0;0.026;-0.086;0.0;0.038;-0.02;0.543;0.123;-0.043;0.0;0.061;-0.066;0.0;0.231;-0.098;0.0;0.215;-0.137;0.0
21.6;0.117;-0.035;-0.381;0.087;-0.128;0.0;0.162;-0.068;0.0;0.129;-0.067;0.0;0.026;-0.086;0.0;0.038;-0.019;0.543;0.124;-0.043;0.0;0.061;-0.066;0.0;0.231;-0.098;0.0;0.214;-0.136;0.0
21.8;0.117;-0.036;-0.378;0.087;-0.128;0.0;0.162;-0.068;0.0;0.128;-0.067;0.0;0.026;-0.085;0.0;0.037;-0.019;0.542;0.124;-0.043;0.0;0.06;-0.065;0.0;0.23;-0.098;0.0;0.213;-0.136;0.0
22.0;0.117;-0.036;-0.375;0.087;-0.128;0.0;0.161;-0.069;0.0;0.127;-0.066;0.0;0.026;-0.085;0.0;0.037;-0.019;0.541;0.125;-0.043;0.0;0.059;-0.065;0.0;0.229;-0.098;0.0;0.212;-0.136;0.0
22.2;0.117;-0.036;-0.372;0.086;-0.127;0.0;0.16;-0.069;0.0;0.126;-0.066;0.0;0.026;-0.085;0.0;0.037;-0.019;0.54;0.125;-0.042;0.0;0.059;-0.064;0.0;0.228;-0.097;0.0;0.21;-0.135;0.0
22.4;0.117;-0.036;-0.369;0.086;-0.127;0.0;0.159;-0.07;0.0;0.125;-0.066;0.0;0.026;-0.085;0.0;0.036;-0.019;0.539;0.125;-0.042;0.0;0.058;-0.063;0.0;0.227;-0.097;0.0;0.209;-0.135;0.0
22.6;0.116;-0.036;-0.366;0.086;-0.126;0.0;0.158;-0.07;0.0;0.125;-0.066;0.0;0.026;-0.085;0.0;0.036;-0.019;0.537;0.126;-0.042;0.0;0.058;-0.063;0.0;0.226;-0.097;0.0;0.208;-0.135;0.0
22.8;0.116;-0.036;-0.363;0.086;-0.125;0.0;0.157;-0.071;0.0;0.124;-0.066;0.0;0.025;-0.085;0.0;0.035;-0.019;0.535;0.126;-0.042;0.0;0.058;-0.062;0.0;0.224;-0.097;0.0;0.206;-0.134;0.0
23.0;0.116;-0.036;-0.359;0.085;-0.125;0.0;0.156;-0.071;0.0;0.123;-0.065;0.0;0.025;-0.085;0.0;0.035;-0.019;0.534;0.126;-0.041;0.0;0.057;-0.061;0.0;0.223;-0.096;0.0;0.205;-0.133;0.0
23.2;0.115;-0.036;-0.356;0.085;-0.124;0.0;0.154;-0.072;0.0;0.122;-0.065;0.0;0.025;-0.085;0.0;0.035;-0.019;0.532;0.126;-0.041;0.0;0.057;-0.061;0.0;0.221;-0.096;0.0;0.204;-0.133;0.0
23.4;0.115;-0.036;-0.352;0.085;-0.123;0.0;0.153;-0.072;0.0;0.121;-0.065;0.0;0.025;-0.085;0.0;0.034;-0.019;0.529;0.126;-0.041;0.0;0.057;-0.06;0.0;0.22;-0.096;0.0;0.202;-0.132;0.0
23.6;0.114;-0.036;-0.349;0.085;-0.123;0.0;0.151;-0.072;0.0;0.12;-0.064;0.0;0.025;-0.085;0.0;0.034;-0.019;0.527;0.126;-0.041;0.0;0.057;-0.059;0.0;0.218;-0.095;0.0;0.201;-0.131;0.0
23.8;0.113;-0.036;-0.345;0.084;-0.122;0.0;0.15;-0.072;0.0;0.119;-0.064;0.0;0.024;-0.085;0.0;0.033;-0.019;0.524;0.126;-0.04;0.0;0.056;-0.059;0.0;0.216;-0.095;0.0;0.199;-0.131;0.0
24.0;0.113;-0.036;-0.341;0.084;-0.121;0.0;0.148;-0.073;0.0;0.118;-0.064;0.0;0.024;-0.085;0.0;0.033;-0.018;0.522;0.125;-0.04;0.0;0.056;-0.058;0.0;0.214;-0.094;0.0;0.198;-0.13;0.0
24.2;0.112;-0.036;-0.338;0.084;-0.12;0.0;0.147;-0.073;0.0;0.118;-0.063;0.0;0.024;-0.085;0.0;0.033;-0.018;0.519;0.125;-0.04;0.0;0.056;-0.057;0.0;0.212;-0.094;0.0;0.196;-0.129;0.0
24.4;0.111;-0.036;-0.334;0.084;-0.12;0.0;0.145;-0.073;0.0;0.117;-0.063;0.0;0.024;-0.085;0.0;0.032;-0.018;0.516;0.125;-0.039;0.0;0.056;-0.057;0.0;0.21;-0.093;0.0;0.195;-0.128;0.0
24.6;0.11;-0.036;-0.33;0.083;-0.119;0.0;0.143;-0.073;0.0;0.116;-0.062;0.0;0.023;-0.085;0.0;0.032;-0.018;0.513;0.125;-0.039;0.0;0.056;-0.056;0.0;0.208;-0.093;0.0;0.193;-0.127;0.0
24.8;0.11;-0.036;-0.326;0.083;-0.118;0.0;0.141;-0.073;0.0;0.115;-0.062;0.0;0.023;-0.085;0.0;0.031;-0.018;0.51;0.124;-0.039;0.0;0.056;-0.056;0.0;0.206;-0.092;0.0;0.192;-0.126;0.0
25.0;0.109;-0.036;-0.322;0.083;-0.117;0.0;0.14;-0.073;0.0;0.114;-0.062;0.0;0.023;-0.085;0.0;0.031;-0.018;0.506;0.124;-0.038;0.0;0.057;-0.055;0.0;0.204;-0.092;0.0;0.19;-0.125;0.0
25.2;0.108;-0.035;-0.318;0.082;-0.116;0.0;0.138;-0.073;0.0;0.113;-0.061;0.0;0.022;-0.085;0.0;0.03;-0.018;0.503;0.124;-0.038;0.0;0.057;-0.054;0.0;0.202;-0.091;0.0;0.188;-0.124;0.0
25.4;0.107;-0.035;-0.314;0.082;-0.115;0.0;0.136;-0.073;0.0;0.112;-0.061;0.0;0.022;-0.085;0.0;0.03;-0.017;0.499;0.123;-0.038;0.0;0.057;-0.054;0.0;0.199;-0.091;0.0;0.187;-0.123;0.0
25.6;0.106;-0.035;-0.31;0.082;-0.114;0.0;0.134;-0.073;0.0;0.112;-0.06;0.0;0.022;-0.086;0.0;0.03;-0.017;0.495;0.123;-0.037;0.0;0.057;-0.053;0.0;0.197;-0.09;0.0;0.185;-0.122;0.0
25.8;0.105;-0.035;-0.305;0.082;-0.113;0.0;0.132;-0.073;0.0;0.111;-0.06;0.0;0.022;-0.086;0.0;0.029;-0.017;0.491;0.122;-0.037;0.0;0.057;-0.052;0.0;0.195;-0.09;0.0;0.184;-0.121;0.0
26.0;0.104;-0.035;-0.301;0.081;-0.112;0.0;0.13;-0.073;0.0;0.11;-0.059;0.0;0.021;-0.086;0.0;0.029;-0.017;0.487;0.122;-0.036;0.0;0.057;-0.052;0.0;0.193;-0.089;0.0;0.182;-0.12;0.0
26.2;0.103;-0.035;-0.297;0.081;-0.11;0.0;0.128;-0.073;0.0;0.109;-0.058;0.0;0.021;-0.086;0.0;0.028;-0.017;0.483;0.121;-0.036;0.0;0.057;-0.051;0.0;0.19;-0.088;0.0;0.18;-0.119;0.0
26.4;0.102;-0.034;-0.292;0.081;-0.109;0.0;0.127;-0.072;0.0;0.108;-0.058;0.0;0.021;-0.086;0.0;0.028;-0.017;0.479;0.12;-0.036;0.0;0.057;-0.05;0.0;0.188;-0.088;0.0;0.178;-0.117;0.0
26.6;0.101;-0.034;-0.288;0.081;-0.108;0.0;0.125;-0.072;0.0;0.108;-0.057;0.0;0.02;-0.086;0.0;0.027;-0.017;0.475;0.12;-0.035;0.0;0.057;-0.05;0.0;0.186;-0.087;0.0;0.177;-0.116;0.0
26.8;0.1;-0.034;-0.284;0.08;-0.107;0.0;0.123;-0.072;0.0;0.107;-0.057;0.0;0.02;-0.086;0.0;0.027;-0.016;0.471;0.119;-0.035;0.0;0.058;-0.049;0.0;0.183;-0.086;0.0;0.175;-0.115;0.0
27.0;0.098;-0.034;-0.279;0.08;-0.106;0.0;0.121;-0.072;0.0;0.106;-0.056;0.0;0.02;-0.086;0.0;0.026;-0.016;0.466;0.118;-0.034;0.0;0.058;-0.048;0.0;0.181;-0.085;0.0;0.173;-0.114;0.0
27.2;0.097;-0.034;-0.275;0.08;-0.104;0.0;0.119;-0.071;0.0;0.105;-0.056;0.0;0.019;-0.086;0.0;0.026;-0.016;0.461;0.117;-0.034;0.0;0.058;-0.048;0.0;0.179;-0.085;0.0;0.172;-0.112;0.0
27.4;0.096;-0.033;-0.27;0.08;-0.103;0.0;0.117;-0.071;0.0;0.104;-0.055;0.0;0.019;-0.086;0.0;0.025;-0.016;0.457;0.117;-0.033;0.0;0.058;-0.047;0.0;0.177;-0.084;0.0;0.17;-0.111;0.0
27.6;0.095;-0.033;-0.266;0.079;-0.102;0.0;0.116;-0.071;0.0;0.104;-0.054;0.0;0.019;-0.086;0.0;0.025;-0.016;0.452;0.116;-0.033;0.0;0.058;-0.046;0.0;0.174;-0.083;0.0;0.168;-0.11;0.0
27.8;0.094;-0.033;-0.261;0.079;-0.101;0.0;0.114;-0.071;0.0;0.103;-0.054;0.0;0.018;-0.086;0.0;0.024;-0.015;0.447;0.115;-0.032;0.0;0.058;-0.046;0.0;0.172;-0.082;0.0;0.166;-0.108;0.0
28.0;0.093;-0.033;-0.256;0.079;-0.099;0.0;0.112;-0.07;0.0;0.102;-0.053;0.0;0.018;-0.086;0.0;0.024;-0.015;0.442;0.114;-0.032;0.0;0.058;-0.045;0.0;0.17;-0.082;0.0;0.164;-0.107;0.0
28.2;0.092;-0.032;-0.252;0.078;-0.098;0.0;0.11;-0.07;0.0;0.101;-0.052;0.0;0.018;-0.086;0.0;0.023;-0.015;0.437;0.113;-0.031;0.0;0.058;-0.044;0.0;0.168;-0.081;0.0;0.162;-0.105;0.0
28.4;0.09;-0.032;-0.247;0.078;-0.096;0.0;0.108;-0.069;0.0;0.1;-0.052;0.0;0.018;-0.086;0.0;0.023;-0.015;0.432;0.112;-0.031;0.0;0.058;-0.044;0.0;0.166;-0.08;0.0;0.16;-0.104;0.0
28.6;0.089;-0.032;-0.242;0.078;-0.095;0.0;0.107;-0.069;0.0;0.1;-0.051;0.0;0.017;-0.086;0.0;0.022;-0.015;0.427;0.111;-0.03;0.0;0.058;-0.043;0.0;0.163;-0.079;0.0;0.158;-0.102;0.0
28.8;0.088;-0.031;-0.238;0.077;-0.094;0.0;0.105;-0.068;0.0;0.099;-0.05;0.0;0.017;-0.086;0.0;0.022;-0.015;0.422;0.11;-0.03;0.0;0.058;-0.042;0.0;0.161;-0.078;0.0;0.157;-0.101;0.0
29.0;0.087;-0.031;-0.233;0.077;-0.092;0.0;0.103;-0.068;0.0;0.098;-0.049;0.0;0.017;-0.086;0.0;0.021;-0.014;0.417;0.109;-0.029;0.0;0.058;-0.041;0.0;0.159;-0.077;0.0;0.155;-0.1;0.0
29.2;0.086;-0.031;-0.228;0.077;-0.091;0.0;0.101;-0.067;0.0;0.097;-0.049;0.0;0.016;-0.086;0.0;0.021;-0.014;0.412;0.108;-0.029;0.0;0.057;-0.041;0.0;0.157;-0.076;0.0;0.153;-0.098;0.0
29.4;0.084;-0.03;-0.223;0.076;-0.089;0.0;0.1;-0.067;0.0;0.096;-0.048;0.0;0.016;-0.086;0.0;0.02;-0.014;0.406;0.107;-0.028;0.0;0.057;-0.04;0.0;0.155;-0.075;0.0;0.15;-0.097;0.0
29.6;0.083;-0.03;-0.219;0.076;-0.088;0.0;0.098;-0.066;0.0;0.095;-0.047;0.0;0.016;-0.085;0.0;0.02;-0.014;0.401;0.106;-0.028;0.0;0.057;-0.039;0.0;0.153;-0.074;0.0;0.148;-0.095;0.0
29.8;0.082;-0.03;-0.214;0.076;-0.086;0.0;0.096;-0.066;0.0;0.094;-0.047;0.0;0.015;-0.085;0.0;0.019;-0.014;0.396;0.105;-0.027;0.0;0.057;-0.039;0.0;0.15;-0.073;0.0;0.146;-0.093;0.0
30.0;0.081;-0.029;-0.209;0.075;-0.085;0.0;0.094;-0.065;0.0;0.093;-0.046;0.0;0.015;-0.085;0.0;0.019;-0.013;0.39;0.103;-0.027;0.0;0.057;-0.038;0.0;0.148;-0.072;0.0;0.144;-0.092;0.0
30.2;0.079;-0.029;-0.204;0.075;-0.083;0.0;0.093;-0.065;0.0;0.092;-0.045;0.0;0.015;-0.085;0.0;0.018;-0.013;0.385;0.102;-0.026;0.0;0.056;-0.037;0.0;0.146;-0.071;0.0;0.142;-0.09;0.0
30.4;0.078;-0.028;-0.199;0.074;-0.082;0.0;0.091;-0.064;0.0;0.091;-0.044;0.0;0.014;-0.085;0.0;0.018;-0.013;0.379;0.101;-0.026;0.0;0.056;-0.037;0.0;0.144;-0.07;0.0;0.14;-0.089;0.0
30.6;0.077;-0.028;-0.195;0.074;-0.08;0.0;0.089;-0.063;0.0;0.09;-0.043;0.0;0.014;-0.084;0.0;0.017;-0.013;0.373;0.1;-0.025;0.0;0.056;-0.036;0.0;0.142;-0.069;0.0;0.138;-0.087;0.0
30.8;0.076;-0.028;-0.19;0.074;-0.079;0.0;0.087;-0.063;0.0;0.089;-0.043;0.0;0.014;-0.084;0.0;0.017;-0.013;0.368;0.098;-0.025;0.0;0.055;-0.035;0.0;0.14;-0.068;0.0;0.136;-0.085;0.0
31.0;0.075;-0.027;-0.185;0.073;-0.077;0.0;0.086;-0.062;0.0;0.088;-0.042;0.0;0.014;-0.084;0.0;0.016;-0.012;0.362;0.097;-0.024;0.0;0.055;-0.034;0.0;0.138;-0.067;0.0;0.133;-0.084;0.0
31.2;0.073;-0.027;-0.18;0.073;-0.076;0.0;0.084;-0.061;0.0;0.087;-0.041;0.0;0.013;-0.084;0.0;0.016;-0.012;0.356;0.096;-0.023;0.0;0.054;-0.034;0.0;0.136;-0.066;0.0;0.131;-0.082;0.0
31.4;0.072;-0.026;-0.175;0.072;-0.074;0.0;0.082;-0.061;0.0;0.086;-0.04;0.0;0.013;-0.083;0.0;0.015;-0.012;0.35;0.095;-0.023;0.0;0.054;-0.033;0.0;0.134;-0.065;0.0;0.129;-0.081;0.0
31.6;0.071;-0.026;-0.17;0.072;-0.073;0.0;0.081;-0.06;0.0;0.085;-0.04;0.0;0.013;-0.083;0.0;0.015;-0.012;0.345;0.093;-0.022;0.0;0.053;-0.032;0.0;0.131;-0.064;0.0;0.126;-0.079;0.0
31.8;0.07;-0.026;-0.165;0.071;-0.071;0.0;0.079;-0.059;0.0;0.084;-0.039;0.0;0.012;-0.082;0.0;0.014;-0.011;0.339;0.092;-0.022;0.0;0.053;-0.031;0.0;0.129;-0.063;0.0;0.124;-0.077;0.0
32.0;0.068;-0.025;-0.16;0.071;-0.069;0.0;0.077;-0.058;0.0;0.083;-0.038;0.0;0.012;-0.082;0.0;0.014;-0.011;0.333;0.09;-0.021;0.0;0.052;-0.031;0.0;0.127;-0.062;0.0;0.122;-0.075;0.0
32.2;0.067;-0.025;-0.155;0.07;-0.068;0.0;0.076;-0.058;0.0;0.082;-0.037;0.0;0.012;-0.082;0.0;0.013;-0.011;0.327;0.089;-0.02;0.0;0.052;-0.03;0.0;0.125;-0.061;0.0;0.12;-0.074;0.0
32.4;0.066;-0.024;-0.151;0.07;-0.066;0.0;0.074;-0.057;0.0;0.081;-0.036;0.0;0.012;-0.081;0.0;0.013;-0.011;0.321;0.088;-0.02;0.0;0.051;-0.029;0.0;0.123;-0.06;0.0;0.117;-0.072;0.0
32.6;0.065;-0.024;-0.146;0.069;-0.065;0.0;0.073;-0.056;0.0;0.08;-0.035;0.0;0.011;-0.081;0.0;0.012;-0.011;0.315;0.086;-0.019;0.0;0.051;-0.029;0.0;0.121;-0.058;0.0;0.115;-0.07;0.0
32.8;0.064;-0.023;-0.141;0.068;-0.063;0.0;0.071;-0.055;0.0;0.079;-0.035;0.0;0.011;-0.08;0.0;0.012;-0.01;0.309;0.085;-0.019;0.0;0.05;-0.028;0.0;0.119;-0.057;0.0;0.112;-0.069;0.0
33.0;0.062;-0.023;-0.136;0.068;-0.061;0.0;0.07;-0.054;0.0;0.078;-0.034;0.0;0.011;-0.08;0.0;0.011;-0.01;0.303;0.083;-0.018;0.0;0.049;-0.027;0.0;0.117;-0.056;0.0;0.11;-0.067;0.0
33.2;0.061;-0.022;-0.131;0.067;-0.06;0.0;0.068;-0.053;0.0;0.076;-0.033;0.0;0.01;-0.079;0.0;0.011;-0.01;0.297;0.082;-0.017;0.0;0.049;-0.026;0.0;0.115;-0.055;0.0;0.108;-0.065;0.0
33.4;0.06;-0.022;-0.126;0.067;-0.058;0.0;0.067;-0.053;0.0;0.075;-0.032;0.0;0.01;-0.079;0.0;0.01;-0.01;0.291;0.08;-0.017;0.0;0.048;-0.026;0.0;0.113;-0.054;0.0;0.105;-0.063;0.0
33.6;0.059;-0.022;-0.121;0.066;-0.056;0.0;0.065;-0.052;0.0;0.074;-0.031;0.0;0.01;-0.078;0.0;0.01;-0.01;0.284;0.078;-0.016;0.0;0.047;-0.025;0.0;0.111;-0.053;0.0;0.103;-0.062;0.0
33.8;0.058;-0.021;-0.116;0.065;-0.055;0.0;0.064;-0.051;0.0;0.073;-0.03;0.0;0.01;-0.077;0.0;0.009;-0.009;0.278;0.077;-0.016;0.0;0.046;-0.024;0.0;0.108;-0.051;0.0;0.1;-0.06;0.0
34.0;0.057;-0.021;-0.111;0.065;-0.053;0.0;0.062;-0.05;0.0;0.072;-0.029;0.0;0.009;-0.077;0.0;0.009;-0.009;0.272;0.075;-0.015;0.0;0.046;-0.023;0.0;0.106;-0.05;0.0;0.098;-0.058;0.0
34.2;0.055;-0.02;-0.106;0.064;-0.051;0.0;0.061;-0.049;0.0;0.07;-0.029;0.0;0.009;-0.076;0.0;0.008;-0.009;0.266;0.074;-0.014;0.0;0.045;-0.023;0.0;0.104;-0.049;0.0;0.095;-0.056;0.0
34.4;0.054;-0.02;-0.101;0.063;-0.05;0.0;0.059;-0.048;0.0;0.069;-0.028;0.0;0.009;-0.075;0.0;0.008;-0.009;0.26;0.072;-0.014;0.0;0.044;-0.022;0.0;0.102;-0.048;0.0;0.093;-0.055;0.0
34.6;0.053;-0.019;-0.096;0.062;-0.048;0.0;0.058;-0.047;0.0;0.068;-0.027;0.0;0.008;-0.075;0.0;0.007;-0.008;0.253;0.071;-0.013;0.0;0.043;-0.021;0.0;0.1;-0.046;0.0;0.09;-0.053;0.0
34.8;0.052;-0.019;-0.091;0.062;-0.046;0.0;0.056;-0.046;0.0;0.066;-0.026;0.0;0.008;-0.074;0.0;0.007;-0.008;0.247;0.069;-0.013;0.0;0.043;-0.02;0.0;0.098;-0.045;0.0;0.088;-0.051;0.0
35.0;0.051;-0.018;-0.087;0.061;-0.045;0.0;0.055;-0.045;0.0;0.065;-0.025;0.0;0.008;-0.073;0.0;0.006;-0.008;0.241;0.067;-0.012;0.0;0.042;-0.019;0.0;0.096;-0.044;0.0;0.085;-0.049;0.0
35.2;0.05;-0.018;-0.082;0.06;-0.043;0.0;0.054;-0.044;0.0;0.064;-0.024;0.0;0.008;-0.072;0.0;0.006;-0.008;0.235;0.066;-0.011;0.0;0.041;-0.019;0.0;0.094;-0.043;0.0;0.082;-0.047;0.0
35.4;0.048;-0.017;-0.077;0.059;-0.041;0.0;0.052;-0.043;0.0;0.062;-0.023;0.0;0.007;-0.071;0.0;0.005;-0.008;0.228;0.064;-0.011;0.0;0.04;-0.018;0.0;0.092;-0.041;0.0;0.08;-0.046;0.0
35.6;0.047;-0.017;-0.072;0.059;-0.04;0.0;0.051;-0.042;0.0;0.061;-0.022;0.0;0.007;-0.07;0.0;0.005;-0.007;0.222;0.062;-0.01;0.0;0.039;-0.017;0.0;0.09;-0.04;0.0;0.077;-0.044;0.0
35.8;0.046;-0.016;-0.067;0.058;-0.038;0.0;0.05;-0.041;0.0;0.06;-0.022;0.0;0.007;-0.069;0.0;0.004;-0.007;0.216;0.061;-0.009;0.0;0.038;-0.016;0.0;0.087;-0.039;0.0;0.075;-0.042;0.0
36.0;0.045;-0.016;-0.062;0.057;-0.036;0.0;0.048;-0.04;0.0;0.058;-0.021;0.0;0.007;-0.069;0.0;0.004;-0.007;0.209;0.059;-0.009;0.0;0.037;-0.015;0.0;0.085;-0.038;0.0;0.072;-0.04;0.0
36.2;0.044;-0.015;-0.057;0.056;-0.035;0.0;0.047;-0.039;0.0;0.057;-0.02;0.0;0.006;-0.068;0.0;0.003;-0.007;0.203;0.057;-0.008;0.0;0.036;-0.015;0.0;0.083;-0.036;0.0;0.069;-0.039;0.0
36.4;0.043;-0.014;-0.052;0.055;-0.033;0.0;0.045;-0.038;0.0;0.055;-0.019;0.0;0.006;-0.067;0.0;0.003;-0.006;0.196;0.056;-0.008;0.0;0.035;-0.014;0.0;0.081;-0.035;0.0;0.067;-0.037;0.0
36.6;0.042;-0.014;-0.047;0.054;-0.031;0.0;0.044;-0.037;0.0;0.054;-0.018;0.0;0.006;-0.066;0.0;0.002;-0.006;0.19;0.054;-0.007;0.0;0.034;-0.013;0.0;0.079;-0.034;0.0;0.064;-0.035;0.0
36.8;0.04;-0.013;-0.042;0.053;-0.029;0.0;0.043;-0.036;0.0;0.052;-0.017;0.0;0.005;-0.064;0.0;0.002;-0.006;0.184;0.052;-0.006;0.0;0.033;-0.012;0.0;0.077;-0.032;0.0;0.062;-0.033;0.0
37.0;0.039;-0.013;-0.038;0.052;-0.028;0.0;0.041;-0.035;0.0;0.051;-0.016;0.0;0.005;-0.063;0.0;0.001;-0.006;0.177;0.051;-0.006;0.0;0.032;-0.011;0.0;0.074;-0.031;0.0;0.059;-0.031;0.0
37.2;0.038;-0.012;-0.033;0.051;-0.026;0.0;0.04;-0.034;0.0;0.049;-0.015;0.0;0.005;-0.062;0.0;0.001;-0.005;0.171;0.049;-0.005;0.0;0.031;-0.011;0.0;0.072;-0.03;0.0;0.056;-0.03;0.0
37.4;0.037;-0.012;-0.028;0.05;-0.024;0.0;0.039;-0.033;0.0;0.048;-0.014;0.0;0.005;-0.061;0.0;0.0;-0.005;0.164;0.047;-0.004;0.0;0.03;-0.01;0.0;0.07;-0.028;0.0;0.053;-0.028;0.0
37.6;0.036;-0.011;-0.023;0.049;-0.023;0.0;0.037;-0.032;0.0;0.046;-0.013;0.0;0.004;-0.06;0.0;0.0;-0.005;0.158;0.045;-0.004;0.0;0.029;-0.009;0.0;0.068;-0.027;0.0;0.051;-0.026;0.0
37.8;0.034;-0.011;-0.018;0.048;-0.021;0.0;0.036;-0.031;0.0;0.045;-0.013;0.0;0.004;-0.059;0.0;-0.001;-0.005;0.151;0.044;-0.003;0.0;0.028;-0.008;0.0;0.066;-0.026;0.0;0.048;-0.024;0.0
38.0;0.033;-0.01;-0.013;0.047;-0.019;0.0;0.035;-0.03;0.0;0.043;-0.012;0.0;0.004;-0.058;0.0;-0.001;-0.004;0.145;0.042;-0.003;0.0;0.027;-0.007;0.0;0.063;-0.024;0.0;0.045;-0.022;0.0
38.2;0.032;-0.01;-0.008;0.046;-0.017;0.0;0.033;-0.029;0.0;0.042;-0.011;0.0;0.004;-0.056;0.0;-0.001;-0.004;0.139;0.04;-0.002;0.0;0.026;-0.007;0.0;0.061;-0.023;0.0;0.043;-0.021;0.0
38.4;0.031;-0.009;-0.003;0.045;-0.016;0.0;0.032;-0.028;0.0;0.04;-0.01;0.0;0.003;-0.055;0.0;-0.002;-0.004;0.132;0.038;-0.001;0.0;0.025;-0.006;0.0;0.059;-0.022;0.0;0.04;-0.019;0.0
38.6;0.03;-0.009;0.002;0.044;-0.014;0.0;0.031;-0.026;0.0;0.039;-0.009;0.0;0.003;-0.054;0.0;-0.002;-0.004;0.126;0.037;-0.001;0.0;0.024;-0.005;0.0;0.057;-0.02;0.0;0.037;-0.017;0.0
38.8;0.028;-0.008;0.006;0.043;-0.012;0.0;0.029;-0.025;0.0;0.037;-0.008;0.0;0.003;-0.053;0.0;-0.003;-0.004;0.119;0.035;0.0;0.0;0.023;-0.004;0.0;0.054;-0.019;0.0;0.035;-0.015;0.0
39.0;0.027;-0.007;0.011;0.042;-0.011;0.0;0.028;-0.024;0.0;0.035;-0.007;0.0;0.003;-0.051;0.0;-0.003;-0.003;0.113;0.033;0.001;0.0;0.022;-0.003;0.0;0.052;-0.017;0.0;0.032;-0.013;0.0
39.2;0.026;-0.007;0.016;0.041;-0.009;0.0;0.026;-0.023;0.0;0.034;-0.006;0.0;0.002;-0.05;0.0;-0.004;-0.003;0.106;0.031;0.001;0.0;0.021;-0.002;0.0;0.05;-0.016;0.0;0.029;-0.012;0.0
39.4;0.025;-0.006;0.021;0.039;-0.007;0.0;0.025;-0.022;0.0;0.032;-0.005;0.0;0.002;-0.049;0.0;-0.004;-0.003;0.099;0.03;0.002;0.0;0.02;-0.001;0.0;0.047;-0.015;0.0;0.026;-0.01;0.0
39.6;0.024;-0.006;0.026;0.038;-0.005;0.0;0.024;-0.021;0.0;0.03;-0.004;0.0;0.002;-0.047;0.0;-0.005;-0.003;0.093;0.028;0.003;0.0;0.019;-0.001;0.0;0.045;-0.013;0.0;0.024;-0.008;0.0
39.8;0.022;-0.005;0.031;0.037;-0.004;0.0;0.022;-0.02;0.0;0.029;-0.003;0.0;0.002;-0.046;0.0;-0.005;-0.002;0.086;0.026;0.003;0.0;0.018;0.0;0.0;0.043;-0.012;0.0;0.021;-0.006;0.0
40.0;0.021;-0.005;0.035;0.036;-0.002;0.0;0.021;-0.019;0.0;0.027;-0.003;0.0;0.001;-0.044;0.0;-0.005;-0.002;0.08;0.024;0.004;0.0;0.016;0.001;0.0;0.04;-0.01;0.0;0.018;-0.005;0.0
40.2;0.02;-0.004;0.04;0.035;0.0;0.0;0.019;-0.017;0.0;0.025;-0.002;0.0;0.001;-0.043;0.0;-0.006;-0.002;0.073;0.022;0.004;0.0;0.015;0.002;0.0;0.038;-0.009;0.0;0.015;-0.003;0.0
40.4;0.018;-0.003;0.045;0.033;0.001;0.0;0.018;-0.016;0.0;0.024;-0.001;0.0;0.001;-0.041;0.0;-0.006;-0.002;0.067;0.021;0.005;0.0;0.014;0.003;0.0;0.035;-0.008;0.0;0.012;-0.001;0.0
40.6;0.017;-0.003;0.05;0.032;0.003;0.0;0.017;-0.015;0.0;0.022;0.0;0.0;0.001;-0.04;0.0;-0.007;-0.001;0.06;0.019;0.006;0.0;0.013;0.004;0.0;0.033;-0.006;0.0;0.01;0.001;0.0
40.8;0.016;-0.002;0.055;0.031;0.005;0.0;0.015;-0.014;0.0;0.02;0.001;0.0;0.0;-0.038;0.0;-0.007;-0.001;0.054;0.017;0.006;0.0;0.012;0.005;0.0;0.031;-0.005;0.0;0.007;0.003;0.0
41.0;0.015;-0.002;0.06;0.029;0.007;0.0;0.014;-0.013;0.0;0.018;0.002;0.0;0.0;-0.037;0.0;-0.007;-0.001;0.047;0.015;0.007;0.0;0.011;0.006;0.0;0.028;-0.003;0.0;0.004;0.004;0.0
41.2;0.013;-0.001;0.064;0.028;0.008;0.0;0.012;-0.012;0.0;0.017;0.003;0.0;0.0;-0.035;0.0;-0.008;-0.001;0.041;0.013;0.007;0.0;0.01;0.006;0.0;0.026;-0.002;0.0;0.001;0.006;0.0
41.4;0.012;-0.001;0.069;0.027;0.01;0.0;0.011;-0.01;0.0;0.015;0.004;0.0;0.0;-0.034;0.0;-0.008;0.0;0.034;0.012;0.008;0.0;0.008;0.007;0.0;0.023;-0.001;0.0;-0.001;0.008;0.0
41.6;0.011;0.0;0.074;0.025;0.012;0.0;0.009;-0.009;0.0;0.013;0.005;0.0;-0.001;-0.032;0.0;-0.009;0.0;0.027;0.01;0.009;0.0;0.007;0.008;0.0;0.021;0.001;0.0;-0.004;0.01;0.0
41.8;0.009;0.001;0.079;0.024;0.014;0.0;0.008;-0.008;0.0;0.011;0.006;0.0;-0.001;-0.031;0.0;-0.009;0.0;0.021;0.008;0.009;0.0;0.006;0.009;0.0;0.018;0.002;0.0;-0.007;0.011;0.0
42.0;0.008;0.001;0.083;0.023;0.015;0.0;0.006;-0.007;0.0;0.009;0.007;0.0;-0.001;-0.029;0.0;-0.009;0.0;0.014;0.006;0.01;0.0;0.005;0.01;0.0;0.016;0.004;0.0;-0.01;0.013;0.0
42.2;0.007;0.002;0.088;0.021;0.017;0.0;0.005;-0.006;0.0;0.008;0.008;0.0;-0.001;-0.027;0.0;-0.01;0.001;0.008;0.004;0.011;0.0;0.004;0.011;0.0;0.013;0.005;0.0;-0.013;0.015;0.0
42.4;0.005;0.002;0.093;0.02;0.019;0.0;0.003;-0.004;0.0;0.006;0.008;0.0;-0.002;-0.026;0.0;-0.01;0.001;0.001;0.002;0.011;0.0;0.003;0.012;0.0;0.011;0.007;0.0;-0.015;0.016;0.0
42.6;0.004;0.003;0.098;0.018;0.02;0.0;0.001;-0.003;0.0;0.004;0.009;0.0;-0.002;-0.024;0.0;-0.011;0.001;-0.005;0.001;0.012;0.0;0.001;0.013;0.0;0.008;0.008;0.0;-0.018;0.018;0.0
42.8;0.002;0.003;0.102;0.017;0.022;0.0;0.0;-0.002;0.0;0.002;0.01;0.0;-0.002;-0.022;0.0;-0.011;0.001;-0.012;-0.001;0.012;0.0;0.0;0.014;0.0;0.006;0.01;0.0;-0.021;0.02;0.0
43.0;0.001;0.004;0.107;0.015;0.024;0.0;-0.002;-0.001;0.0;0.0;0.011;0.0;-0.002;-0.021;0.0;-0.011;0.002;-0.018;-0.003;0.013;0.0;-0.001;0.014;0.0;0.003;0.011;0.0;-0.024;0.022;0.0
43.2;0.0;0.005;0.112;0.014;0.026;0.0;-0.003;0.0;0.0;-0.002;0.012;0.0;-0.003;-0.019;0.0;-0.012;0.002;-0.025;-0.005;0.014;0.0;-0.002;0.015;0.0;0.001;0.012;0.0;-0.027;0.023;0.0
43.4;-0.002;0.005;0.117;0.012;0.027;0.0;-0.005;0.002;0.0;-0.003;0.013;0.0;-0.003;-0.017;0.0;-0.012;0.002;-0.031;-0.007;0.014;0.0;-0.003;0.016;0.0;-0.002;0.014;0.0;-0.03;0.025;0.0
43.6;-0.003;0.006;0.121;0.011;0.029;0.0;-0.006;0.003;0.0;-0.005;0.014;0.0;-0.003;-0.015;0.0;-0.013;0.002;-0.038;-0.008;0.015;0.0;-0.005;0.017;0.0;-0.005;0.015;0.0;-0.032;0.027;0.0
43.8;-0.005;0.006;0.126;0.009;0.031;0.0;-0.008;0.004;0.0;-0.007;0.015;0.0;-0.003;-0.014;0.0;-0.013;0.003;-0.044;-0.01;0.015;0.0;-0.006;0.018;0.0;-0.007;0.017;0.0;-0.035;0.029;0.0
44.0;-0.006;0.007;0.131;0.008;0.032;0.0;-0.01;0.005;0.0;-0.009;0.016;0.0;-0.004;-0.012;0.0;-0.013;0.003;-0.051;-0.012;0.016;0.0;-0.007;0.019;0.0;-0.01;0.018;0.0;-0.038;0.03;0.0
44.2;-0.007;0.007;0.135;0.006;0.034;0.0;-0.011;0.006;0.0;-0.011;0.017;0.0;-0.004;-0.01;0.0;-0.014;0.003;-0.057;-0.014;0.017;0.0;-0.008;0.02;0.0;-0.012;0.02;0.0;-0.041;0.032;0.0
44.4;-0.009;0.008;0.14;0.005;0.036;0.0;-0.013;0.008;0.0;-0.013;0.018;0.0;-0.004;-0.008;0.0;-0.014;0.003;-0.064;-0.016;0.017;0.0;-0.009;0.021;0.0;-0.015;0.021;0.0;-0.044;0.034;0.0
44.6;-0.01;0.009;0.145;0.003;0.038;0.0;-0.014;0.009;0.0;-0.015;0.018;0.0;-0.004;-0.006;0.0;-0.014;0.004;-0.07;-0.018;0.018;0.0;-0.011;0.022;0.0;-0.018;0.023;0.0;-0.046;0.035;0.0
44.8;-0.012;0.009;0.149;0.002;0.039;0.0;-0.016;0.01;0.0;-0.017;0.019;0.0;-0.005;-0.004;0.0;-0.015;0.004;-0.077;-0.019;0.018;0.0;-0.012;0.023;0.0;-0.02;0.024;0.0;-0.049;0.037;0.0
45.0;-0.013;0.01;0.154;0.0;0.041;0.0;-0.018;0.011;0.0;-0.019;0.02;0.0;-0.005;-0.003;0.0;-0.015;0.004;-0.083;-0.021;0.019;0.0;-0.013;0.024;0.0;-0.023;0.026;0.0;-0.052;0.039;0.0
45.2;-0.015;0.01;0.159;-0.001;0.043;0.0;-0.019;0.013;0.0;-0.021;0.021;0.0;-0.005;-0.001;0.0;-0.015;0.004;-0.09;-0.023;0.02;0.0;-0.014;0.025;0.0;-0.025;0.027;0.0;-0.055;0.04;0.0
45.4;-0.016;0.011;0.163;-0.003;0.044;0.0;-0.021;0.014;0.0;-0.022;0.022;0.0;-0.005;0.001;0.0;-0.016;0.005;-0.096;-0.025;0.02;0.0;-0.015;0.026;0.0;-0.028;0.029;0.0;-0.058;0.042;0.0
45.6;-0.018;0.011;0.168;-0.004;0.046;0.0;-0.023;0.015;0.0;-0.024;0.023;0.0;-0.006;0.003;0.0;-0.016;0.005;-0.103;-0.027;0.021;0.0;-0.017;0.027;0.0;-0.031;0.03;0.0;-0.061;0.044;0.0
45.8;-0.019;0.012;0.173;-0.006;0.048;0.0;-0.024;0.016;0.0;-0.026;0.024;0.0;-0.006;0.005;0.0;-0.016;0.005;-0.109;-0.029;0.021;0.0;-0.018;0.027;0.0;-0.033;0.032;0.0;-0.063;0.046;0.0
46.0;-0.021;0.013;0.177;-0.008;0.049;0.0;-0.026;0.017;0.0;-0.028;0.025;0.0;-0.006;0.007;0.0;-0.017;0.005;-0.116;-0.03;0.022;0.0;-0.019;0.028;0.0;-0.036;0.033;0.0;-0.066;0.047;0.0
46.2;-0.022;0.013;0.182;-0.009;0.051;0.0;-0.028;0.019;0.0;-0.03;0.026;0.0;-0.006;0.009;0.0;-0.017;0.006;-0.122;-0.032;0.022;0.0;-0.02;0.029;0.0;-0.039;0.035;0.0;-0.069;0.049;0.0
46.4;-0.023;0.014;0.186;-0.011;0.053;0.0;-0.029;0.02;0.0;-0.032;0.027;0.0;-0.007;0.011;0.0;-0.017;0.006;-0.128;-0.034;0.023;0.0;-0.022;0.03;0.0;-0.042;0.036;0.0;-0.072;0.051;0.0
46.6;-0.025;0.014;0.191;-0.013;0.055;0.0;-0.031;0.021;0.0;-0.034;0.027;0.0;-0.007;0.013;0.0;-0.018;0.006;-0.135;-0.036;0.024;0.0;-0.023;0.031;0.0;-0.044;0.038;0.0;-0.075;0.052;0.0
46.8;-0.026;0.015;0.196;-0.014;0.056;0.0;-0.033;0.022;0.0;-0.036;0.028;0.0;-0.007;0.015;0.0;-0.018;0.006;-0.141;-0.038;0.024;0.0;-0.024;0.032;0.0;-0.047;0.039;0.0;-0.078;0.054;0.0
47.0;-0.028;0.015;0.2;-0.016;0.058;0.0;-0.034;0.024;0.0;-0.038;0.029;0.0;-0.007;0.017;0.0;-0.018;0.007;-0.148;-0.04;0.025;0.0;-0.025;0.033;0.0;-0.05;0.041;0.0;-0.081;0.056;0.0
47.2;-0.029;0.016;0.205;-0.017;0.06;0.0;-0.036;0.025;0.0;-0.04;0.03;0.0;-0.008;0.019;0.0;-0.019;0.007;-0.154;-0.041;0.025;0.0;-0.027;0.034;0.0;-0.053;0.042;0.0;-0.083;0.057;0.0
47.4;-0.031;0.017;0.209;-0.019;0.061;0.0;-0.038;0.026;0.0;-0.042;0.031;0.0;-0.008;0.021;0.0;-0.019;0.007;-0.16;-0.043;0.026;0.0;-0.028;0.035;0.0;-0.056;0.044;0.0;-0.086;0.059;0.0
47.6;-0.033;0.017;0.214;-0.021;0.063;0.0;-0.04;0.027;0.0;-0.044;0.032;0.0;-0.008;0.023;0.0;-0.019;0.007;-0.167;-0.045;0.027;0.0;-0.029;0.036;0.0;-0.058;0.045;0.0;-0.089;0.061;0.0
47.8;-0.034;0.018;0.218;-0.022;0.065;0.0;-0.041;0.028;0.0;-0.046;0.033;0.0;-0.008;0.025;0.0;-0.02;0.008;-0.173;-0.047;0.027;0.0;-0.03;0.037;0.0;-0.061;0.047;0.0;-0.092;0.062;0.0
48.0;-0.036;0.018;0.223;-0.024;0.066;0.0;-0.043;0.03;0.0;-0.048;0.034;0.0;-0.009;0.027;0.0;-0.02;0.008;-0.179;-0.049;0.028;0.0;-0.032;0.038;0.0;-0.064;0.048;0.0;-0.095;0.064;0.0
48.2;-0.037;0.019;0.227;-0.026;0.068;0.0;-0.045;0.031;0.0;-0.05;0.035;0.0;-0.009;0.029;0.0;-0.02;0.008;-0.186;-0.051;0.028;0.0;-0.033;0.039;0.0;-0.067;0.05;0.0;-0.098;0.066;0.0
48.4;-0.039;0.019;0.232;-0.027;0.07;0.0;-0.047;0.032;0.0;-0.052;0.035;0.0;-0.009;0.031;0.0;-0.021;0.008;-0.192;-0.052;0.029;0.0;-0.034;0.04;0.0;-0.07;0.051;0.0;-0.1;0.067;0.0
48.6;-0.04;0.02;0.236;-0.029;0.071;0.0;-0.049;0.033;0.0;-0.053;0.036;0.0;-0.01;0.034;0.0;-0.021;0.009;-0.198;-0.054;0.029;0.0;-0.035;0.041;0.0;-0.073;0.053;0.0;-0.103;0.069;0.0
48.8;-0.042;0.021;0.241;-0.031;0.073;0.0;-0.05;0.035;0.0;-0.055;0.037;0.0;-0.01;0.036;0.0;-0.021;0.009;-0.205;-0.056;0.03;0.0;-0.037;0.042;0.0;-0.076;0.054;0.0;-0.106;0.071;0.0
49.0;-0.043;0.021;0.245;-0.032;0.075;0.0;-0.052;0.036;0.0;-0.057;0.038;0.0;-0.01;0.038;0.0;-0.021;0.009;-0.211;-0.058;0.03;0.0;-0.038;0.043;0.0;-0.079;0.056;0.0;-0.109;0.072;0.0
49.2;-0.045;0.022;0.25;-0.034;0.076;0.0;-0.054;0.037;0.0;-0.059;0.039;0.0;-0.01;0.04;0.0;-0.022;0.009;-0.217;-0.06;0.031;0.0;-0.039;0.044;0.0;-0.082;0.057;0.0;-0.112;0.074;0.0
49.4;-0.046;0.022;0.254;-0.036;0.078;0.0;-0.056;0.038;0.0;-0.061;0.04;0.0;-0.011;0.042;0.0;-0.022;0.01;-0.224;-0.062;0.032;0.0;-0.04;0.044;0.0;-0.085;0.059;0.0;-0.114;0.076;0.0
49.6;-0.048;0.023;0.259;-0.037;0.08;0.0;-0.058;0.039;0.0;-0.063;0.041;0.0;-0.011;0.044;0.0;-0.022;0.01;-0.23;-0.063;0.032;0.0;-0.042;0.045;0.0;-0.088;0.06;0.0;-0.117;0.077;0.0
49.8;-0.049;0.023;0.263;-0.039;0.081;0.0;-0.06;0.041;0.0;-0.065;0.042;0.0;-0.011;0.047;0.0;-0.023;0.01;-0.236;-0.065;0.033;0.0;-0.043;0.046;0.0;-0.091;0.062;0.0;-0.12;0.079;0.0
50.0;-0.051;0.024;0.267;-0.041;0.083;0.0;-0.061;0.042;0.0;-0.067;0.042;0.0;-0.011;0.049;0.0;-0.023;0.011;-0.242;-0.067;0.033;0.0;-0.044;0.047;0.0;-0.094;0.063;0.0;-0.123;0.081;0.0
50.2;-0.052;0.024;0.272;-0.042;0.085;0.0;-0.063;0.043;0.0;-0.069;0.043;0.0;-0.012;0.051;0.0;-0.023;0.011;-0.249;-0.069;0.034;0.0;-0.046;0.048;0.0;-0.097;0.065;0.0;-0.126;0.082;0.0
50.4;-0.054;0.025;0.276;-0.044;0.086;0.0;-0.065;0.044;0.0;-0.071;0.044;0.0;-0.012;0.053;0.0;-0.024;0.011;-0.255;-0.071;0.034;0.0;-0.047;0.049;0.0;-0.1;0.066;0.0;-0.129;0.084;0.0
50.6;-0.056;0.026;0.281;-0.046;0.088;0.0;-0.067;0.045;0.0;-0.073;0.045;0.0;-0.012;0.055;0.0;-0.024;0.011;-0.261;-0.073;0.035;0.0;-0.048;0.05;0.0;-0.103;0.068;0.0;-0.131;0.086;0.0
50.8;-0.057;0.026;0.285;-0.047;0.09;0.0;-0.069;0.047;0.0;-0.075;0.046;0.0;-0.013;0.058;0.0;-0.024;0.012;-0.267;-0.075;0.035;0.0;-0.05;0.051;0.0;-0.106;0.069;0.0;-0.134;0.087;0.0
51.0;-0.059;0.027;0.289;-0.049;0.091;0.0;-0.071;0.048;0.0;-0.077;0.047;0.0;-0.013;0.06;0.0;-0.024;0.012;-0.273;-0.076;0.036;0.0;-0.051;0.052;0.0;-0.109;0.071;0.0;-0.137;0.089;0.0
51.2;-0.06;0.027;0.294;-0.051;0.093;0.0;-0.073;0.049;0.0;-0.079;0.048;0.0;-0.013;0.062;0.0;-0.025;0.012;-0.279;-0.078;0.036;0.0;-0.052;0.053;0.0;-0.112;0.072;0.0;-0.14;0.09;0.0
51.4;-0.062;0.028;0.298;-0.052;0.094;0.0;-0.075;0.05;0.0;-0.081;0.048;0.0;-0.014;0.064;0.0;-0.025;0.012;-0.286;-0.08;0.037;0.0;-0.054;0.054;0.0;-0.116;0.074;0.0;-0.143;0.092;0.0
51.6;-0.063;0.028;0.302;-0.054;0.096;0.0;-0.077;0.052;0.0;-0.083;0.049;0.0;-0.014;0.066;0.0;-0.025;0.013;-0.292;-0.082;0.038;0.0;-0.055;0.055;0.0;-0.119;0.075;0.0;-0.145;0.094;0.0
51.8;-0.065;0.029;0.307;-0.056;0.098;0.0;-0.079;0.053;0.0;-0.085;0.05;0.0;-0.014;0.069;0.0;-0.025;0.013;-0.298;-0.084;0.038;0.0;-0.056;0.056;0.0;-0.122;0.077;0.0;-0.148;0.095;0.0
52.0;-0.067;0.029;0.311;-0.057;0.099;0.0;-0.081;0.054;0.0;-0.086;0.051;0.0;-0.014;0.071;0.0;-0.026;0.013;-0.304;-0.086;0.039;0.0;-0.057;0.057;0.0;-0.125;0.079;0.0;-0.151;0.097;0.0
52.2;-0.068;0.03;0.315;-0.059;0.101;0.0;-0.083;0.055;0.0;-0.088;0.052;0.0;-0.015;0.073;0.0;-0.026;0.014;-0.31;-0.088;0.039;0.0;-0.059;0.058;0.0;-0.129;0.08;0.0;-0.154;0.099;0.0
52.4;-0.07;0.03;0.32;-0.061;0.103;0.0;-0.085;0.056;0.0;-0.09;0.053;0.0;-0.015;0.076;0.0;-0.026;0.014;-0.316;-0.089;0.04;0.0;-0.06;0.059;0.0;-0.132;0.082;0.0;-0.157;0.1;0.0
52.6;-0.071;0.031;0.324;-0.063;0.104;0.0;-0.087;0.058;0.0;-0.092;0.054;0.0;-0.015;0.078;0.0;-0.027;0.014;-0.322;-0.091;0.04;0.0;-0.062;0.06;0.0;-0.135;0.083;0.0;-0.159;0.102;0.0
52.8;-0.073;0.032;0.328;-0.064;0.106;0.0;-0.089;0.059;0.0;-0.094;0.054;0.0;-0.016;0.08;0.0;-0.027;0.014;-0.328;-0.093;0.041;0.0;-0.063;0.061;0.0;-0.138;0.085;0.0;-0.162;0.104;0.0
53.0;-0.074;0.032;0.332;-0.066;0.107;0.0;-0.091;0.06;0.0;-0.096;0.055;0.0;-0.016;0.082;0.0;-0.027;0.015;-0.334;-0.095;0.041;0.0;-0.064;0.062;0.0;-0.142;0.086;0.0;-0.165;0.105;0.0
53.2;-0.076;0.033;0.337;-0.068;0.109;0.0;-0.093;0.061;0.0;-0.098;0.056;0.0;-0.016;0.085;0.0;-0.027;0.015;-0.341;-0.097;0.042;0.0;-0.066;0.063;0.0;-0.145;0.088;0.0;-0.168;0.107;0.0
53.4;-0.077;0.033;0.341;-0.069;0.11;0.0;-0.095;0.062;0.0;-0.1;0.057;0.0;-0.017;0.087;0.0;-0.028;0.015;-0.347;-0.099;0.042;0.0;-0.067;0.063;0.0;-0.148;0.089;0.0;-0.17;0.108;0.0
53.6;-0.079;0.034;0.345;-0.071;0.112;0.0;-0.097;0.064;0.0;-0.102;0.058;0.0;-0.017;0.089;0.0;-0.028;0.015;-0.353;-0.101;0.043;0.0;-0.068;0.064;0.0;-0.152;0.091;0.0;-0.173;0.11;0.0
53.8;-0.081;0.034;0.349;-0.073;0.114;0.0;-0.099;0.065;0.0;-0.104;0.059;0.0;-0.017;0.092;0.0;-0.028;0.016;-0.359;-0.103;0.043;0.0;-0.07;0.065;0.0;-0.155;0.092;0.0;-0.176;0.112;0.0
54.0;-0.082;0.035;0.354;-0.075;0.115;0.0;-0.101;0.066;0.0;-0.106;0.06;0.0;-0.018;0.094;0.0;-0.028;0.016;-0.365;-0.105;0.044;0.0;-0.071;0.066;0.0;-0.159;0.094;0.0;-0.179;0.113;0.0
54.2;-0.084;0.035;0.358;-0.076;0.117;0.0;-0.103;0.067;0.0;-0.108;0.06;0.0;-0.018;0.096;0.0;-0.029;0.016;-0.371;-0.106;0.044;0.0;-0.072;0.067;0.0;-0.162;0.095;0.0;-0.182;0.115;0.0
54.4;-0.085;0.036;0.362;-0.078;0.118;0.0;-0.105;0.068;0.0;-0.11;0.061;0.0;-0.018;0.099;0.0;-0.029;0.017;-0.377;-0.108;0.045;0.0;-0.074;0.068;0.0;-0.165;0.097;0.0;-0.184;0.116;0.0
54.6;-0.087;0.036;0.366;-0.08;0.12;0.0;-0.107;0.07;0.0;-0.112;0.062;0.0;-0.019;0.101;0.0;-0.029;0.017;-0.382;-0.11;0.045;0.0;-0.075;0.069;0.0;-0.169;0.098;0.0;-0.187;0.118;0.0
54.8;-0.088;0.037;0.37;-0.081;0.122;0.0;-0.109;0.071;0.0;-0.114;0.063;0.0;-0.019;0.104;0.0;-0.029;0.017;-0.388;-0.112;0.046;0.0;-0.077;0.07;0.0;-0.172;0.1;0.0;-0.19;0.12;0.0
55.0;-0.09;0.037;0.374;-0.083;0.123;0.0;-0.112;0.072;0.0;-0.116;0.064;0.0;-0.019;0.106;0.0;-0.03;0.017;-0.394;-0.114;0.046;0.0;-0.078;0.071;0.0;-0.176;0.101;0.0;-0.193;0.121;0.0
55.2;-0.092;0.038;0.379;-0.085;0.125;0.0;-0.114;0.073;0.0;-0.118;0.064;0.0;-0.02;0.108;0.0;-0.03;0.018;-0.4;-0.116;0.047;0.0;-0.079;0.072;0.0;-0.179;0.103;0.0;-0.196;0.123;0.0
55.4;-0.093;0.038;0.383;-0.087;0.126;0.0;-0.116;0.074;0.0;-0.12;0.065;0.0;-0.02;0.111;0.0;-0.03;0.018;-0.406;-0.118;0.047;0.0;-0.081;0.073;0.0;-0.183;0.104;0.0;-0.198;0.124;0.0
55.6;-0.095;0.039;0.387;-0.088;0.128;0.0;-0.118;0.076;0.0;-0.122;0.066;0.0;-0.02;0.113;0.0;-0.03;0.018;-0.412;-0.12;0.048;0.0;-0.082;0.074;0.0;-0.186;0.106;0.0;-0.201;0.126;0.0
55.8;-0.096;0.039;0.391;-0.09;0.129;0.0;-0.12;0.077;0.0;-0.124;0.067;0.0;-0.021;0.115;0.0;-0.031;0.019;-0.418;-0.122;0.048;0.0;-0.084;0.075;0.0;-0.19;0.108;0.0;-0.204;0.128;0.0
56.0;-0.098;0.04;0.395;-0.092;0.131;0.0;-0.122;0.078;0.0;-0.126;0.068;0.0;-0.021;0.118;0.0;-0.031;0.019;-0.424;-0.123;0.049;0.0;-0.085;0.076;0.0;-0.193;0.109;0.0;-0.207;0.129;0.0
56.2;-0.1;0.041;0.399;-0.094;0.132;0.0;-0.125;0.079;0.0;-0.128;0.069;0.0;-0.021;0.12;0.0;-0.031;0.019;-0.43;-0.125;0.049;0.0;-0.086;0.077;0.0;-0.197;0.111;0.0;-0.21;0.131;0.0
56.4;-0.101;0.041;0.403;-0.095;0.134;0.0;-0.127;0.08;0.0;-0.13;0.069;0.0;-0.022;0.123;0.0;-0.031;0.019;-0.435;-0.127;0.05;0.0;-0.088;0.078;0.0;-0.2;0.112;0.0;-0.212;0.132;0.0
56.6;-0.103;0.042;0.407;-0.097;0.135;0.0;-0.129;0.081;0.0;-0.132;0.07;0.0;-0.022;0.125;0.0;-0.032;0.02;-0.441;-0.129;0.05;0.0;-0.089;0.078;0.0;-0.204;0.114;0.0;-0.215;0.134;0.0
56.8;-0.104;0.042;0.411;-0.099;0.137;0.0;-0.131;0.083;0.0;-0.134;0.071;0.0;-0.022;0.127;0.0;-0.032;0.02;-0.447;-0.131;0.051;0.0;-0.091;0.079;0.0;-0.207;0.115;0.0;-0.218;0.135;0.0
57.0;-0.106;0.043;0.415;-0.101;0.138;0.0;-0.133;0.084;0.0;-0.136;0.072;0.0;-0.023;0.13;0.0;-0.032;0.02;-0.453;-0.133;0.051;0.0;-0.092;0.08;0.0;-0.211;0.117;0.0;-0.221;0.137;0.0
57.2;-0.107;0.043;0.419;-0.102;0.14;0.0;-0.136;0.085;0.0;-0.138;0.073;0.0;-0.023;0.132;0.0;-0.032;0.02;-0.459;-0.135;0.052;0.0;-0.094;0.081;0.0;-0.215;0.118;0.0;-0.224;0.139;0.0
57.4;-0.109;0.044;0.423;-0.104;0.141;0.0;-0.138;0.086;0.0;-0.14;0.073;0.0;-0.023;0.135;0.0;-0.033;0.021;-0.464;-0.137;0.052;0.0;-0.095;0.082;0.0;-0.218;0.12;0.0;-0.226;0.14;0.0
57.6;-0.111;0.044;0.427;-0.106;0.143;0.0;-0.14;0.087;0.0;-0.142;0.074;0.0;-0.024;0.137;0.0;-0.033;0.021;-0.47;-0.139;0.053;0.0;-0.096;0.083;0.0;-0.222;0.121;0.0;-0.229;0.142;0.0
57.8;-0.112;0.045;0.431;-0.108;0.144;0.0;-0.142;0.089;0.0;-0.144;0.075;0.0;-0.024;0.139;0.0;-0.033;0.021;-0.476;-0.141;0.053;0.0;-0.098;0.084;0.0;-0.225;0.123;0.0;-0.232;0.143;0.0
58.0;-0.114;0.045;0.435;-0.109;0.146;0.0;-0.144;0.09;0.0;-0.146;0.076;0.0;-0.024;0.142;0.0;-0.033;0.022;-0.481;-0.143;0.054;0.0;-0.099;0.085;0.0;-0.229;0.124;0.0;-0.235;0.145;0.0
58.2;-0.115;0.046;0.439;-0.111;0.147;0.0;-0.147;0.091;0.0;-0.148;0.077;0.0;-0.025;0.144;0.0;-0.034;0.022;-0.487;-0.144;0.054;0.0;-0.101;0.086;0.0;-0.233;0.126;0.0;-0.237;0.146;0.0
58.4;-0.117;0.046;0.443;-0.113;0.149;0.0;-0.149;0.092;0.0;-0.15;0.077;0.0;-0.025;0.147;0.0;-0.034;0.022;-0.493;-0.146;0.055;0.0;-0.102;0.087;0.0;-0.236;0.127;0.0;-0.24;0.148;0.0
58.6;-0.118;0.047;0.447;-0.115;0.15;0.0;-0.151;0.093;0.0;-0.152;0.078;0.0;-0.025;0.149;0.0;-0.034;0.022;-0.499;-0.148;0.055;0.0;-0.104;0.088;0.0;-0.24;0.129;0.0;-0.243;0.149;0.0
58.8;-0.12;0.047;0.451;-0.117;0.152;0.0;-0.154;0.094;0.0;-0.154;0.079;0.0;-0.026;0.152;0.0;-0.034;0.023;-0.504;-0.15;0.056;0.0;-0.105;0.089;0.0;-0.243;0.13;0.0;-0.246;0.151;0.0
59.0;-0.122;0.048;0.455;-0.118;0.153;0.0;-0.156;0.095;0.0;-0.156;0.08;0.0;-0.026;0.154;0.0;-0.035;0.023;-0.51;-0.152;0.056;0.0;-0.107;0.09;0.0;-0.247;0.132;0.0;-0.249;0.153;0.0
59.2;-0.123;0.048;0.459;-0.12;0.155;0.0;-0.158;0.097;0.0;-0.158;0.081;0.0;-0.026;0.156;0.0;-0.035;0.023;-0.515;-0.154;0.057;0.0;-0.108;0.09;0.0;-0.251;0.133;0.0;-0.251;0.154;0.0
59.4;-0.125;0.049;0.463;-0.122;0.156;0.0;-0.16;0.098;0.0;-0.16;0.081;0.0;-0.027;0.159;0.0;-0.035;0.024;-0.521;-0.156;0.057;0.0;-0.11;0.091;0.0;-0.254;0.135;0.0;-0.254;0.156;0.0
59.6;-0.126;0.049;0.467;-0.124;0.158;0.0;-0.163;0.099;0.0;-0.162;0.082;0.0;-0.027;0.161;0.0;-0.035;0.024;-0.527;-0.158;0.057;0.0;-0.111;0.092;0.0;-0.258;0.136;0.0;-0.257;0.157;0.0
59.8;-0.128;0.05;0.471;-0.125;0.159;0.0;-0.165;0.1;0.0;-0.164;0.083;0.0;-0.027;0.164;0.0;-0.036;0.024;-0.532;-0.16;0.058;0.0;-0.112;0.093;0.0;-0.262;0.138;0.0;-0.26;0.159;0.0
60.0;-0.129;0.05;0.475;-0.127;0.161;0.0;-0.167;0.101;0.0;-0.166;0.084;0.0;-0.028;0.166;0.0;-0.036;0.024;-0.538;-0.162;0.058;0.0;-0.114;0.094;0.0;-0.265;0.139;0.0;-0.262;0.16;0.0
60.2;-0.131;0.051;0.479;-0.129;0.162;0.0;-0.169;0.102;0.0;-0.168;0.084;0.0;-0.028;0.169;0.0;-0.036;0.025;-0.543;-0.163;0.059;0.0;-0.115;0.095;0.0;-0.269;0.141;0.0;-0.265;0.162;0.0
60.4;-0.133;0.051;0.483;-0.131;0.164;0.0;-0.172;0.103;0.0;-0.17;0.085;0.0;-0.028;0.171;0.0;-0.036;0.025;-0.549;-0.165;0.059;0.0;-0.117;0.096;0.0;-0.272;0.142;0.0;-0.268;0.163;0.0
60.6;-0.134;0.052;0.487;-0.133;0.165;0.0;-0.174;0.105;0.0;-0.172;0.086;0.0;-0.029;0.174;0.0;-0.036;0.025;-0.555;-0.167;0.06;0.0;-0.118;0.097;0.0;-0.276;0.144;0.0;-0.271;0.165;0.0
60.8;-0.136;0.052;0.49;-0.134;0.167;0.0;-0.176;0.106;0.0;-0.174;0.087;0.0;-0.029;0.176;0.0;-0.037;0.026;-0.56;-0.169;0.06;0.0;-0.12;0.098;0.0;-0.28;0.145;0.0;-0.273;0.166;0.0
61.0;-0.137;0.053;0.494;-0.136;0.168;0.0;-0.179;0.107;0.0;-0.176;0.088;0.0;-0.029;0.178;0.0;-0.037;0.026;-0.566;-0.171;0.061;0.0;-0.121;0.099;0.0;-0.283;0.147;0.0;-0.276;0.168;0.0
61.2;-0.139;0.053;0.498;-0.138;0.169;0.0;-0.181;0.108;0.0;-0.178;0.088;0.0;-0.03;0.181;0.0;-0.037;0.026;-0.571;-0.173;0.061;0.0;-0.123;0.1;0.0;-0.287;0.148;0.0;-0.279;0.169;0.0
61.4;-0.14;0.053;0.502;-0.14;0.171;0.0;-0.183;0.109;0.0;-0.18;0.089;0.0;-0.03;0.183;0.0;-0.037;0.026;-0.577;-0.175;0.062;0.0;-0.124;0.1;0.0;-0.291;0.15;0.0;-0.281;0.171;0.0
61.6;-0.142;0.054;0.506;-0.142;0.172;0.0;-0.186;0.11;0.0;-0.182;0.09;0.0;-0.03;0.186;0.0;-0.038;0.027;-0.582;-0.177;0.062;0.0;-0.126;0.101;0.0;-0.294;0.151;0.0;-0.284;0.172;0.0
61.8;-0.144;0.054;0.51;-0.143;0.174;0.0;-0.188;0.111;0.0;-0.184;0.091;0.0;-0.031;0.188;0.0;-0.038;0.027;-0.587;-0.179;0.063;0.0;-0.127;0.102;0.0;-0.298;0.153;0.0;-0.287;0.174;0.0
62.0;-0.145;0.055;0.513;-0.145;0.175;0.0;-0.19;0.113;0.0;-0.186;0.091;0.0;-0.031;0.191;0.0;-0.038;0.027;-0.593;-0.181;0.063;0.0;-0.129;0.103;0.0;-0.302;0.154;0.0;-0.29;0.175;0.0
62.2;-0.147;0.055;0.517;-0.147;0.177;0.0;-0.192;0.114;0.0;-0.188;0.092;0.0;-0.031;0.193;0.0;-0.038;0.027;-0.598;-0.182;0.063;0.0;-0.13;0.104;0.0;-0.305;0.156;0.0;-0.292;0.177;0.0
62.4;-0.148;0.056;0.521;-0.149;0.178;0.0;-0.195;0.115;0.0;-0.19;0.093;0.0;-0.032;0.196;0.0;-0.038;0.028;-0.604;-0.184;0.064;0.0;-0.132;0.105;0.0;-0.309;0.157;0.0;-0.295;0.178;0.0
62.6;-0.15;0.056;0.525;-0.151;0.179;0.0;-0.197;0.116;0.0;-0.192;0.094;0.0;-0.032;0.198;0.0;-0.039;0.028;-0.609;-0.186;0.064;0.0;-0.133;0.106;0.0;-0.312;0.159;0.0;-0.298;0.18;0.0
62.8;-0.151;0.057;0.528;-0.153;0.181;0.0;-0.199;0.117;0.0;-0.195;0.094;0.0;-0.032;0.2;0.0;-0.039;0.028;-0.615;-0.188;0.065;0.0;-0.135;0.107;0.0;-0.316;0.16;0.0;-0.3;0.181;0.0
63.0;-0.153;0.057;0.532;-0.154;0.182;0.0;-0.202;0.118;0.0;-0.197;0.095;0.0;-0.033;0.203;0.0;-0.039;0.029;-0.62;-0.19;0.065;0.0;-0.136;0.108;0.0;-0.32;0.162;0.0;-0.303;0.183;0.0
63.2;-0.154;0.058;0.536;-0.156;0.184;0.0;-0.204;0.119;0.0;-0.199;0.096;0.0;-0.033;0.205;0.0;-0.039;0.029;-0.625;-0.192;0.066;0.0;-0.138;0.108;0.0;-0.323;0.163;0.0;-0.306;0.184;0.0
63.4;-0.156;0.058;0.54;-0.158;0.185;0.0;-0.206;0.12;0.0;-0.201;0.097;0.0;-0.033;0.208;0.0;-0.04;0.029;-0.631;-0.194;0.066;0.0;-0.139;0.109;0.0;-0.327;0.165;0.0;-0.309;0.186;0.0
63.6;-0.158;0.059;0.543;-0.16;0.186;0.0;-0.209;0.121;0.0;-0.203;0.097;0.0;-0.034;0.21;0.0;-0.04;0.029;-0.636;-0.196;0.067;0.0;-0.14;0.11;0.0;-0.331;0.166;0.0;-0.311;0.187;0.0
63.8;-0.159;0.059;0.547;-0.162;0.188;0.0;-0.211;0.122;0.0;-0.205;0.098;0.0;-0.034;0.213;0.0;-0.04;0.03;-0.641;-0.198;0.067;0.0;-0.142;0.111;0.0;-0.334;0.168;0.0;-0.314;0.189;0.0
64.0;-0.161;0.06;0.551;-0.163;0.189;0.0;-0.213;0.124;0.0;-0.207;0.099;0.0;-0.035;0.215;0.0;-0.04;0.03;-0.647;-0.199;0.067;0.0;-0.143;0.112;0.0;-0.338;0.169;0.0;-0.317;0.19;0.0
64.2;-0.162;0.06;0.555;-0.165;0.19;0.0;-0.216;0.125;0.0;-0.209;0.1;0.0;-0.035;0.218;0.0;-0.04;0.03;-0.652;-0.201;0.068;0.0;-0.145;0.113;0.0;-0.341;0.17;0.0;-0.319;0.191;0.0
64.4;-0.164;0.061;0.558;-0.167;0.192;0.0;-0.218;0.126;0.0;-0.211;0.1;0.0;-0.035;0.22;0.0;-0.041;0.03;-0.657;-0.203;0.068;0.0;-0.146;0.114;0.0;-0.345;0.172;0.0;-0.322;0.193;0.0
64.6;-0.165;0.061;0.562;-0.169;0.193;0.0;-0.22;0.127;0.0;-0.213;0.101;0.0;-0.036;0.222;0.0;-0.041;0.031;-0.663;-0.205;0.069;0.0;-0.148;0.115;0.0;-0.349;0.173;0.0;-0.325;0.194;0.0
64.8;-0.167;0.061;0.566;-0.171;0.195;0.0;-0.222;0.128;0.0;-0.215;0.102;0.0;-0.036;0.225;0.0;-0.041;0.031;-0.668;-0.207;0.069;0.0;-0.149;0.115;0.0;-0.352;0.175;0.0;-0.327;0.196;0.0
65.0;-0.168;0.062;0.569;-0.172;0.196;0.0;-0.225;0.129;0.0;-0.217;0.103;0.0;-0.036;0.227;0.0;-0.041;0.031;-0.673;-0.209;0.07;0.0;-0.151;0.116;0.0;-0.356;0.176;0.0;-0.33;0.197;0.0
65.2;-0.17;0.062;0.573;-0.174;0.197;0.0;-0.227;0.13;0.0;-0.219;0.103;0.0;-0.037;0.23;0.0;-0.041;0.032;-0.678;-0.211;0.07;0.0;-0.152;0.117;0.0;-0.359;0.178;0.0;-0.333;0.199;0.0
65.4;-0.171;0.063;0.577;-0.176;0.199;0.0;-0.229;0.131;0.0;-0.221;0.104;0.0;-0.037;0.232;0.0;-0.042;0.032;-0.684;-0.212;0.07;0.0;-0.154;0.118;0.0;-0.363;0.179;0.0;-0.335;0.2;0.0
65.6;-0.173;0.063;0.58;-0.178;0.2;0.0;-0.232;0.132;0.0;-0.223;0.105;0.0;-0.037;0.235;0.0;-0.042;0.032;-0.689;-0.214;0.071;0.0;-0.155;0.119;0.0;-0.367;0.181;0.0;-0.338;0.202;0.0
65.8;-0.174;0.064;0.584;-0.18;0.201;0.0;-0.234;0.133;0.0;-0.225;0.105;0.0;-0.038;0.237;0.0;-0.042;0.032;-0.694;-0.216;0.071;0.0;-0.157;0.12;0.0;-0.37;0.182;0.0;-0.34;0.203;0.0
66.0;-0.176;0.064;0.587;-0.181;0.203;0.0;-0.236;0.134;0.0;-0.227;0.106;0.0;-0.038;0.239;0.0;-0.042;0.033;-0.699;-0.218;0.072;0.0;-0.158;0.121;0.0;-0.374;0.183;0.0;-0.343;0.204;0.0
66.2;-0.177;0.065;0.591;-0.183;0.204;0.0;-0.239;0.135;0.0;-0.229;0.107;0.0;-0.038;0.242;0.0;-0.042;0.033;-0.704;-0.22;0.072;0.0;-0.16;0.121;0.0;-0.377;0.185;0.0;-0.346;0.206;0.0
66.4;-0.179;0.065;0.595;-0.185;0.205;0.0;-0.241;0.136;0.0;-0.231;0.108;0.0;-0.039;0.244;0.0;-0.043;0.033;-0.71;-0.222;0.073;0.0;-0.161;0.122;0.0;-0.381;0.186;0.0;-0.348;0.207;0.0
66.6;-0.18;0.066;0.598;-0.187;0.207;0.0;-0.243;0.138;0.0;-0.233;0.108;0.0;-0.039;0.247;0.0;-0.043;0.033;-0.715;-0.224;0.073;0.0;-0.163;0.123;0.0;-0.384;0.188;0.0;-0.351;0.209;0.0
66.8;-0.182;0.066;0.602;-0.189;0.208;0.0;-0.246;0.139;0.0;-0.235;0.109;0.0;-0.039;0.249;0.0;-0.043;0.034;-0.72;-0.225;0.073;0.0;-0.164;0.124;0.0;-0.388;0.189;0.0;-0.354;0.21;0.0
67.0;-0.183;0.066;0.605;-0.19;0.209;0.0;-0.248;0.14;0.0;-0.237;0.11;0.0;-0.04;0.252;0.0;-0.043;0.034;-0.725;-0.227;0.074;0.0;-0.166;0.125;0.0;-0.392;0.191;0.0;-0.356;0.211;0.0
67.2;-0.185;0.067;0.609;-0.192;0.211;0.0;-0.25;0.141;0.0;-0.24;0.11;0.0;-0.04;0.254;0.0;-0.043;0.034;-0.73;-0.229;0.074;0.0;-0.167;0.126;0.0;-0.395;0.192;0.0;-0.359;0.213;0.0
67.4;-0.186;0.067;0.612;-0.194;0.212;0.0;-0.252;0.142;0.0;-0.242;0.111;0.0;-0.04;0.256;0.0;-0.044;0.035;-0.735;-0.231;0.075;0.0;-0.169;0.126;0.0;-0.399;0.193;0.0;-0.361;0.214;0.0
67.6;-0.188;0.068;0.616;-0.196;0.213;0.0;-0.255;0.143;0.0;-0.244;0.112;0.0;-0.041;0.259;0.0;-0.044;0.035;-0.74;-0.233;0.075;0.0;-0.17;0.127;0.0;-0.402;0.195;0.0;-0.364;0.216;0.0
67.8;-0.189;0.068;0.62;-0.198;0.215;0.0;-0.257;0.144;0.0;-0.246;0.112;0.0;-0.041;0.261;0.0;-0.044;0.035;-0.745;-0.235;0.076;0.0;-0.172;0.128;0.0;-0.406;0.196;0.0;-0.366;0.217;0.0
68.0;-0.191;0.069;0.623;-0.199;0.216;0.0;-0.259;0.145;0.0;-0.248;0.113;0.0;-0.041;0.264;0.0;-0.044;0.035;-0.751;-0.236;0.076;0.0;-0.173;0.129;0.0;-0.409;0.198;0.0;-0.369;0.218;0.0
68.2;-0.192;0.069;0.627;-0.201;0.217;0.0;-0.262;0.146;0.0;-0.25;0.114;0.0;-0.042;0.266;0.0;-0.044;0.036;-0.756;-0.238;0.076;0.0;-0.174;0.13;0.0;-0.413;0.199;0.0;-0.372;0.22;0.0
68.4;-0.194;0.069;0.63;-0.203;0.219;0.0;-0.264;0.147;0.0;-0.252;0.115;0.0;-0.042;0.268;0.0;-0.045;0.036;-0.761;-0.24;0.077;0.0;-0.176;0.131;0.0;-0.416;0.2;0.0;-0.374;0.221;0.0
68.6;-0.195;0.07;0.634;-0.205;0.22;0.0;-0.266;0.148;0.0;-0.254;0.115;0.0;-0.042;0.271;0.0;-0.045;0.036;-0.766;-0.242;0.077;0.0;-0.177;0.131;0.0;-0.42;0.202;0.0;-0.377;0.223;0.0
68.8;-0.197;0.07;0.637;-0.206;0.221;0.0;-0.268;0.149;0.0;-0.256;0.116;0.0;-0.043;0.273;0.0;-0.045;0.036;-0.771;-0.244;0.078;0.0;-0.179;0.132;0.0;-0.423;0.203;0.0;-0.379;0.224;0.0
69.0;-0.198;0.071;0.641;-0.208;0.222;0.0;-0.271;0.15;0.0;-0.258;0.117;0.0;-0.043;0.276;0.0;-0.045;0.037;-0.776;-0.245;0.078;0.0;-0.18;0.133;0.0;-0.427;0.205;0.0;-0.382;0.225;0.0
69.2;-0.2;0.071;0.644;-0.21;0.224;0.0;-0.273;0.151;0.0;-0.26;0.117;0.0;-0.043;0.278;0.0;-0.045;0.037;-0.781;-0.247;0.078;0.0;-0.182;0.134;0.0;-0.43;0.206;0.0;-0.384;0.227;0.0
69.4;-0.201;0.072;0.647;-0.212;0.225;0.0;-0.275;0.152;0.0;-0.262;0.118;0.0;-0.044;0.28;0.0;-0.046;0.037;-0.786;-0.249;0.079;0.0;-0.183;0.135;0.0;-0.434;0.207;0.0;-0.387;0.228;0.0
69.6;-0.203;0.072;0.651;-0.213;0.226;0.0;-0.277;0.153;0.0;-0.264;0.119;0.0;-0.044;0.283;0.0;-0.046;0.037;-0.791;-0.251;0.079;0.0;-0.185;0.136;0.0;-0.437;0.209;0.0;-0.389;0.229;0.0
69.8;-0.204;0.072;0.654;-0.215;0.228;0.0;-0.28;0.154;0.0;-0.266;0.119;0.0;-0.044;0.285;0.0;-0.046;0.038;-0.796;-0.253;0.08;0.0;-0.186;0.136;0.0;-0.441;0.21;0.0;-0.392;0.231;0.0
70.0;-0.206;0.073;0.658;-0.217;0.229;0.0;-0.282;0.155;0.0;-0.268;0.12;0.0;-0.045;0.287;0.0;-0.046;0.038;-0.8;-0.254;0.08;0.0;-0.188;0.137;0.0;-0.444;0.211;0.0;-0.394;0.232;0.0
70.2;-0.207;0.073;0.661;-0.219;0.23;0.0;-0.284;0.156;0.0;-0.27;0.121;0.0;-0.045;0.29;0.0;-0.046;0.038;-0.805;-0.256;0.08;0.0;-0.189;0.138;0.0;-0.448;0.213;0.0;-0.397;0.233;0.0
70.4;-0.209;0.074;0.665;-0.22;0.231;0.0;-0.287;0.157;0.0;-0.272;0.121;0.0;-0.045;0.292;0.0;-0.047;0.038;-0.81;-0.258;0.081;0.0;-0.19;0.139;0.0;-0.451;0.214;0.0;-0.399;0.235;0.0
70.6;-0.21;0.074;0.668;-0.222;0.233;0.0;-0.289;0.158;0.0;-0.274;0.122;0.0;-0.046;0.294;0.0;-0.047;0.039;-0.815;-0.26;0.081;0.0;-0.192;0.14;0.0;-0.454;0.215;0.0;-0.402;0.236;0.0
70.8;-0.212;0.075;0.671;-0.224;0.234;0.0;-0.291;0.159;0.0;-0.275;0.123;0.0;-0.046;0.297;0.0;-0.047;0.039;-0.82;-0.262;0.082;0.0;-0.193;0.14;0.0;-0.458;0.217;0.0;-0.404;0.237;0.0
71.0;-0.213;0.075;0.675;-0.226;0.235;0.0;-0.293;0.16;0.0;-0.277;0.123;0.0;-0.046;0.299;0.0;-0.047;0.039;-0.825;-0.263;0.082;0.0;-0.195;0.141;0.0;-0.461;0.218;0.0;-0.407;0.239;0.0
71.2;-0.214;0.075;0.678;-0.227;0.236;0.0;-0.295;0.161;0.0;-0.279;0.124;0.0;-0.046;0.301;0.0;-0.047;0.04;-0.83;-0.265;0.082;0.0;-0.196;0.142;0.0;-0.465;0.219;0.0;-0.409;0.24;0.0
71.4;-0.216;0.076;0.681;-0.229;0.238;0.0;-0.298;0.162;0.0;-0.281;0.125;0.0;-0.047;0.304;0.0;-0.048;0.04;-0.835;-0.267;0.083;0.0;-0.198;0.143;0.0;-0.468;0.221;0.0;-0.412;0.241;0.0
71.6;-0.217;0.076;0.685;-0.231;0.239;0.0;-0.3;0.163;0.0;-0.283;0.125;0.0;-0.047;0.306;0.0;-0.048;0.04;-0.839;-0.269;0.083;0.0;-0.199;0.144;0.0;-0.471;0.222;0.0;-0.414;0.243;0.0
71.8;-0.219;0.077;0.688;-0.233;0.24;0.0;-0.302;0.164;0.0;-0.285;0.126;0.0;-0.047;0.308;0.0;-0.048;0.04;-0.844;-0.27;0.084;0.0;-0.2;0.144;0.0;-0.475;0.223;0.0;-0.417;0.244;0.0
72.0;-0.22;0.077;0.692;-0.234;0.241;0.0;-0.304;0.165;0.0;-0.287;0.127;0.0;-0.048;0.311;0.0;-0.048;0.041;-0.849;-0.272;0.084;0.0;-0.202;0.145;0.0;-0.478;0.225;0.0;-0.419;0.245;0.0
72.2;-0.222;0.078;0.695;-0.236;0.243;0.0;-0.307;0.166;0.0;-0.289;0.127;0.0;-0.048;0.313;0.0;-0.048;0.041;-0.854;-0.274;0.084;0.0;-0.203;0.146;0.0;-0.482;0.226;0.0;-0.422;0.247;0.0
72.4;-0.223;0.078;0.698;-0.238;0.244;0.0;-0.309;0.167;0.0;-0.291;0.128;0.0;-0.048;0.315;0.0;-0.049;0.041;-0.859;-0.276;0.085;0.0;-0.205;0.147;0.0;-0.485;0.227;0.0;-0.424;0.248;0.0
72.6;-0.225;0.078;0.701;-0.239;0.245;0.0;-0.311;0.168;0.0;-0.293;0.129;0.0;-0.049;0.318;0.0;-0.049;0.041;-0.863;-0.277;0.085;0.0;-0.206;0.148;0.0;-0.488;0.229;0.0;-0.427;0.249;0.0
72.8;-0.226;0.079;0.705;-0.241;0.246;0.0;-0.313;0.169;0.0;-0.295;0.129;0.0;-0.049;0.32;0.0;-0.049;0.042;-0.868;-0.279;0.086;0.0;-0.208;0.148;0.0;-0.492;0.23;0.0;-0.429;0.251;0.0
73.0;-0.227;0.079;0.708;-0.243;0.247;0.0;-0.315;0.17;0.0;-0.297;0.13;0.0;-0.049;0.322;0.0;-0.049;0.042;-0.873;-0.281;0.086;0.0;-0.209;0.149;0.0;-0.495;0.231;0.0;-0.431;0.252;0.0
73.2;-0.229;0.08;0.711;-0.245;0.249;0.0;-0.318;0.171;0.0;-0.299;0.131;0.0;-0.05;0.325;0.0;-0.049;0.042;-0.878;-0.283;0.086;0.0;-0.21;0.15;0.0;-0.498;0.233;0.0;-0.434;0.253;0.0
73.4;-0.23;0.08;0.715;-0.246;0.25;0.0;-0.32;0.172;0.0;-0.301;0.131;0.0;-0.05;0.327;0.0;-0.049;0.042;-0.882;-0.284;0.087;0.0;-0.212;0.151;0.0;-0.502;0.234;0.0;-0.436;0.254;0.0
73.6;-0.232;0.08;0.718;-0.248;0.251;0.0;-0.322;0.173;0.0;-0.303;0.132;0.0;-0.05;0.329;0.0;-0.05;0.043;-0.887;-0.286;0.087;0.0;-0.213;0.151;0.0;-0.505;0.235;0.0;-0.439;0.256;0.0
73.8;-0.233;0.081;0.721;-0.25;0.252;0.0;-0.324;0.174;0.0;-0.305;0.133;0.0;-0.051;0.331;0.0;-0.05;0.043;-0.892;-0.288;0.087;0.0;-0.215;0.152;0.0;-0.508;0.237;0.0;-0.441;0.257;0.0
74.0;-0.234;0.081;0.724;-0.251;0.254;0.0;-0.326;0.175;0.0;-0.306;0.133;0.0;-0.051;0.334;0.0;-0.05;0.043;-0.897;-0.29;0.088;0.0;-0.216;0.153;0.0;-0.511;0.238;0.0;-0.443;0.258;0.0
74.2;-0.236;0.082;0.728;-0.253;0.255;0.0;-0.329;0.176;0.0;-0.308;0.134;0.0;-0.051;0.336;0.0;-0.05;0.043;-0.901;-0.291;0.088;0.0;-0.217;0.154;0.0;-0.515;0.239;0.0;-0.446;0.26;0.0
74.4;-0.237;0.082;0.731;-0.255;0.256;0.0;-0.331;0.177;0.0;-0.31;0.135;0.0;-0.052;0.338;0.0;-0.05;0.044;-0.906;-0.293;0.089;0.0;-0.219;0.155;0.0;-0.518;0.24;0.0;-0.448;0.261;0.0
74.6;-0.239;0.082;0.734;-0.256;0.257;0.0;-0.333;0.178;0.0;-0.312;0.135;0.0;-0.052;0.34;0.0;-0.051;0.044;-0.911;-0.295;0.089;0.0;-0.22;0.155;0.0;-0.521;0.242;0.0;-0.451;0.262;0.0
74.8;-0.24;0.083;0.737;-0.258;0.258;0.0;-0.335;0.179;0.0;-0.314;0.136;0.0;-0.052;0.343;0.0;-0.051;0.044;-0.915;-0.296;0.089;0.0;-0.222;0.156;0.0;-0.525;0.243;0.0;-0.453;0.263;0.0
75.0;-0.241;0.083;0.741;-0.26;0.259;0.0;-0.337;0.18;0.0;-0.316;0.137;0.0;-0.052;0.345;0.0;-0.051;0.044;-0.92;-0.298;0.09;0.0;-0.223;0.157;0.0;-0.528;0.244;0.0;-0.455;0.265;0.0
75.2;-0.243;0.084;0.744;-0.261;0.261;0.0;-0.339;0.18;0.0;-0.318;0.137;0.0;-0.053;0.347;0.0;-0.051;0.045;-0.924;-0.3;0.09;0.0;-0.224;0.158;0.0;-0.531;0.246;0.0;-0.458;0.266;0.0
75.4;-0.244;0.084;0.747;-0.263;0.262;0.0;-0.342;0.181;0.0;-0.32;0.138;0.0;-0.053;0.349;0.0;-0.051;0.045;-0.929;-0.301;0.09;0.0;-0.226;0.158;0.0;-0.534;0.247;0.0;-0.46;0.267;0.0
75.6;-0.246;0.084;0.75;-0.265;0.263;0.0;-0.344;0.182;0.0;-0.322;0.138;0.0;-0.053;0.352;0.0;-0.051;0.045;-0.934;-0.303;0.091;0.0;-0.227;0.159;0.0;-0.537;0.248;0.0;-0.462;0.268;0.0
75.8;-0.247;0.085;0.753;-0.266;0.264;0.0;-0.346;0.183;0.0;-0.323;0.139;0.0;-0.054;0.354;0.0;-0.052;0.045;-0.938;-0.305;0.091;0.0;-0.228;0.16;0.0;-0.541;0.249;0.0;-0.465;0.27;0.0
76.0;-0.248;0.085;0.756;-0.268;0.265;0.0;-0.348;0.184;0.0;-0.325;0.14;0.0;-0.054;0.356;0.0;-0.052;0.045;-0.943;-0.306;0.092;0.0;-0.23;0.161;0.0;-0.544;0.251;0.0;-0.467;0.271;0.0
76.2;-0.25;0.086;0.76;-0.27;0.267;0.0;-0.35;0.185;0.0;-0.327;0.14;0.0;-0.054;0.358;0.0;-0.052;0.046;-0.947;-0.308;0.092;0.0;-0.231;0.161;0.0;-0.547;0.252;0.0;-0.469;0.272;0.0
76.4;-0.251;0.086;0.763;-0.271;0.268;0.0;-0.352;0.186;0.0;-0.329;0.141;0.0;-0.055;0.36;0.0;-0.052;0.046;-0.952;-0.31;0.092;0.0;-0.233;0.162;0.0;-0.55;0.253;0.0;-0.472;0.273;0.0
76.6;-0.252;0.086;0.766;-0.273;0.269;0.0;-0.354;0.187;0.0;-0.331;0.142;0.0;-0.055;0.363;0.0;-0.052;0.046;-0.956;-0.311;0.093;0.0;-0.234;0.163;0.0;-0.553;0.254;0.0;-0.474;0.275;0.0
76.8;-0.254;0.087;0.769;-0.274;0.27;0.0;-0.356;0.188;0.0;-0.333;0.142;0.0;-0.055;0.365;0.0;-0.053;0.046;-0.961;-0.313;0.093;0.0;-0.235;0.164;0.0;-0.557;0.256;0.0;-0.476;0.276;0.0
77.0;-0.255;0.087;0.772;-0.276;0.271;0.0;-0.359;0.189;0.0;-0.334;0.143;0.0;-0.055;0.367;0.0;-0.053;0.047;-0.965;-0.315;0.093;0.0;-0.237;0.164;0.0;-0.56;0.257;0.0;-0.479;0.277;0.0
77.2;-0.257;0.087;0.775;-0.278;0.272;0.0;-0.361;0.19;0.0;-0.336;0.143;0.0;-0.056;0.369;0.0;-0.053;0.047;-0.97;-0.316;0.094;0.0;-0.238;0.165;0.0;-0.563;0.258;0.0;-0.481;0.278;0.0
77.4;-0.258;0.088;0.778;-0.279;0.274;0.0;-0.363;0.191;0.0;-0.338;0.144;0.0;-0.056;0.371;0.0;-0.053;0.047;-0.974;-0.318;0.094;0.0;-0.239;0.166;0.0;-0.566;0.259;0.0;-0.483;0.28;0.0
77.6;-0.259;0.088;0.781;-0.281;0.275;0.0;-0.365;0.192;0.0;-0.34;0.145;0.0;-0.056;0.374;0.0;-0.053;0.047;-0.979;-0.32;0.094;0.0;-0.241;0.167;0.0;-0.569;0.261;0.0;-0.485;0.281;0.0
77.8;-0.261;0.089;0.785;-0.282;0.276;0.0;-0.367;0.193;0.0;-0.342;0.145;0.0;-0.057;0.376;0.0;-0.053;0.048;-0.983;-0.321;0.095;0.0;-0.242;0.167;0.0;-0.572;0.262;0.0;-0.488;0.282;0.0
78.0;-0.262;0.089;0.788;-0.284;0.277;0.0;-0.369;0.193;0.0;-0.344;0.146;0.0;-0.057;0.378;0.0;-0.054;0.048;-0.988;-0.323;0.095;0.0;-0.243;0.168;0.0;-0.576;0.263;0.0;-0.49;0.283;0.0
78.2;-0.263;0.089;0.791;-0.286;0.278;0.0;-0.371;0.194;0.0;-0.345;0.147;0.0;-0.057;0.38;0.0;-0.054;0.048;-0.992;-0.325;0.096;0.0;-0.245;0.169;0.0;-0.579;0.264;0.0;-0.492;0.285;0.0
78.4;-0.265;0.09;0.794;-0.287;0.279;0.0;-0.373;0.195;0.0;-0.347;0.147;0.0;-0.058;0.382;0.0;-0.054;0.048;-0.997;-0.326;0.096;0.0;-0.246;0.169;0.0;-0.582;0.266;0.0;-0.494;0.286;0.0
78.6;-0.266;0.09;0.797;-0.289;0.28;0.0;-0.375;0.196;0.0;-0.349;0.148;0.0;-0.058;0.384;0.0;-0.054;0.049;-1.001;-0.328;0.096;0.0;-0.247;0.17;0.0;-0.585;0.267;0.0;-0.497;0.287;0.0
78.8;-0.267;0.091;0.8;-0.29;0.281;0.0;-0.377;0.197;0.0;-0.351;0.148;0.0;-0.058;0.387;0.0;-0.054;0.049;-1.006;-0.33;0.097;0.0;-0.249;0.171;0.0;-0.588;0.268;0.0;-0.499;0.288;0.0
79.0;-0.269;0.091;0.803;-0.292;0.283;0.0;-0.379;0.198;0.0;-0.353;0.149;0.0;-0.058;0.389;0.0;-0.054;0.049;-1.01;-0.331;0.097;0.0;-0.25;0.172;0.0;-0.591;0.269;0.0;-0.501;0.289;0.0
79.2;-0.27;0.091;0.806;-0.294;0.284;0.0;-0.382;0.199;0.0;-0.354;0.15;0.0;-0.059;0.391;0.0;-0.055;0.049;-1.014;-0.333;0.097;0.0;-0.251;0.172;0.0;-0.594;0.27;0.0;-0.503;0.291;0.0
79.4;-0.271;0.092;0.809;-0.295;0.285;0.0;-0.384;0.2;0.0;-0.356;0.15;0.0;-0.059;0.393;0.0;-0.055;0.05;-1.019;-0.334;0.098;0.0;-0.253;0.173;0.0;-0.597;0.272;0.0;-0.506;0.292;0.0
79.6;-0.273;0.092;0.812;-0.297;0.286;0.0;-0.386;0.201;0.0;-0.358;0.151;0.0;-0.059;0.395;0.0;-0.055;0.05;-1.023;-0.336;0.098;0.0;-0.254;0.174;0.0;-0.6;0.273;0.0;-0.508;0.293;0.0
79.8;-0.274;0.092;0.815;-0.298;0.287;0.0;-0.388;0.202;0.0;-0.36;0.151;0.0;-0.06;0.397;0.0;-0.055;0.05;-1.027;-0.338;0.098;0.0;-0.255;0.174;0.0;-0.603;0.274;0.0;-0.51;0.294;0.0
80.0;-0.275;0.093;0.818;-0.3;0.288;0.0;-0.39;0.202;0.0;-0.361;0.152;0.0;-0.06;0.399;0.0;-0.055;0.05;-1.032;-0.339;0.099;0.0;-0.256;0.175;0.0;-0.606;0.275;0.0;-0.512;0.295;0.0
80.2;-0.276;0.093;0.821;-0.301;0.289;0.0;-0.392;0.203;0.0;-0.363;0.153;0.0;-0.06;0.401;0.0;-0.055;0.05;-1.036;-0.341;0.099;0.0;-0.258;0.176;0.0;-0.609;0.276;0.0;-0.515;0.297;0.0
80.4;-0.278;0.094;0.824;-0.303;0.29;0.0;-0.394;0.204;0.0;-0.365;0.153;0.0;-0.06;0.403;0.0;-0.056;0.051;-1.04;-0.342;0.099;0.0;-0.259;0.177;0.0;-0.613;0.278;0.0;-0.517;0.298;0.0
80.6;-0.279;0.094;0.827;-0.305;0.292;0.0;-0.396;0.205;0.0;-0.367;0.154;0.0;-0.061;0.406;0.0;-0.056;0.051;-1.045;-0.344;0.1;0.0;-0.26;0.177;0.0;-0.616;0.279;0.0;-0.519;0.299;0.0
80.8;-0.28;0.094;0.83;-0.306;0.293;0.0;-0.398;0.206;0.0;-0.368;0.154;0.0;-0.061;0.408;0.0;-0.056;0.051;-1.049;-0.346;0.1;0.0;-0.262;0.178;0.0;-0.619;0.28;0.0;-0.521;0.3;0.0
81.0;-0.282;0.095;0.833;-0.308;0.294;0.0;-0.4;0.207;0.0;-0.37;0.155;0.0;-0.061;0.41;0.0;-0.056;0.051;-1.053;-0.347;0.101;0.0;-0.263;0.179;0.0;-0.622;0.281;0.0;-0.523;0.301;0.0
